0.5,
0.6666666666666666,
0.6,
0.5714285714285714,
0.45454545454545453,
0.46153846153846156,
0.4117647058823529,
0.42105263157894735,
0.391304347826087,
0.3448275862068966,
0.3548387096774194,
0.32432432432432434,
0.3170731707317073,
0.32558139534883723,
0.3191489361702128,
0.3018867924528302,
0.288135593220339,
0.29508196721311475,
0.2835820895522388,
0.28169014084507044,
0.2876712328767123,
0.27848101265822783,
0.27710843373493976,
0.2696629213483146,
0.25773195876288657,
0.25742574257425743,
0.2621359223300971,
0.2616822429906542,
0.26605504587155965,
0.26548672566371684,
0.2440944881889764,
0.24427480916030533,
0.24087591240875914,
0.2446043165467626,
0.2348993288590604,
0.23841059602649006,
0.2356687898089172,
0.2331288343558282,
0.23353293413173654,
0.23121387283236994,
0.22905027932960895,
0.23204419889502761,
0.225130890052356,
0.22797927461139897,
0.22842639593908629,
0.23115577889447236,
0.22274881516587677,
0.21524663677130046,
0.21585903083700442,
0.2183406113537118,
0.21888412017167383,
0.2175732217573222,
0.21991701244813278,
0.2151394422310757,
0.2140077821011673,
0.21292775665399238,
0.21189591078066913,
0.2140221402214022,
0.21299638989169675,
0.21352313167259787,
0.21554770318021202,
0.21160409556313994,
0.20521172638436483,
0.2057877813504823,
0.20766773162939298,
0.2082018927444795,
0.20241691842900303,
0.20178041543026706,
0.1988472622478386,
0.20057306590257878,
0.20113314447592068,
0.20055710306406685,
0.1989100817438692,
0.19839142091152814,
0.19788918205804748,
0.19843342036553524,
0.19794344473007713,
0.1964735516372796,
0.1970074812967581,
0.19559902200489,
0.19331742243436753,
0.19477434679334918,
0.1925754060324826,
0.19399538106235567,
0.19362186788154898,
0.19413092550790068,
0.19376391982182628,
0.1925601750547046,
0.19305856832971802,
0.19438444924406048,
0.1948608137044968,
0.19206680584551147,
0.19096509240246407,
0.19144602851323828,
0.1903807615230461,
0.1908548707753479,
0.1905697445972495,
0.18809980806142035,
0.18929254302103252,
0.18484288354898337,
0.1846435100548446,
0.18312387791741472,
0.18294849023090587,
0.1827768014059754,
0.18388791593695272,
0.18370883882149047,
0.18228279386712096,
0.1821247892074199,
0.18196994991652754,
0.18302828618968386,
0.1828665568369028,
0.18270799347471453,
0.18314424635332252,
0.1841680129240711,
0.18225039619651348,
0.1809672386895476,
0.18195956454121306,
0.18238021638330756,
0.18223583460949463,
0.18209408194233687,
0.18305597579425115,
0.1812778603268945,
0.18168389955686853,
0.1815519765739385,
0.1808972503617945,
0.1797432239657632,
0.17912552891396333,
0.1780250347705146,
0.17744154057771663,
0.17735334242837653,
0.17726657645466848,
0.17765814266487215,
0.17709720372836218,
0.17701453104359313,
0.1773981603153745,
0.17685305591677503,
0.17723156532988357,
0.17534942820838628,
0.17440401505646172,
0.173053152039555,
0.17385943279901356,
0.17295980511571254,
0.17375455650060753,
0.17412333736396615,
0.17490952955367914,
0.17401668653158522,
0.17233294255568582,
0.17269544924154026,
0.17345750873108265,
0.17381228273464658,
0.17217787913340935,
0.17253121452894438,
0.17327293318233294,
0.17361894024802707,
0.17089305402425578,
0.1712403951701427,
0.1708378672470076,
0.17007534983853606,
0.16969050160085378,
0.17003188097768332,
0.1700105596620908,
0.16998950682056663,
0.16856256463288521,
0.16889804325437693,
0.16888433981576254,
0.1688708036622584,
0.16851664984863773,
0.16850551654964896,
0.16749256689791872,
0.16781836130306022,
0.1678115799803729,
0.168462291870715,
0.16779825412221144,
0.16844143272023232,
0.16843118383060635,
0.16777883698760723,
0.16841103710751665,
0.16776625824693686,
0.16839134524929444,
0.16838166510757718,
0.16651333946642136,
0.16681943171402383,
0.16742909423604757,
0.16773017319963537,
0.16772438803263826,
0.16771866546438233,
0.1674127126230976,
0.1674087266251113,
0.16740478299379982,
0.16507384882710685,
0.16565481352992195,
0.1650902837489252,
0.16481639624252775,
0.1642675698560542,
0.16427969671440606,
0.16429170159262363,
0.16402997502081598,
0.16323165704863973,
0.16351684470008218,
0.1635322976287817,
0.16354759967453214,
0.16409423233143786,
0.16410670978173,
0.1633306645316253,
0.16282764098490865,
0.16131558339859045,
0.16184519155590305,
0.16212003117692908,
0.1621411947245927,
0.16266460108443068,
0.16268311488049345,
0.16295157571099156,
0.1634689178818112,
0.1637337413925019,
0.16300227445034116,
0.1635124905374716,
0.16352675207234363,
0.16017634092578986,
0.16020482809070957,
0.16023306627822287,
0.16002896451846488,
0.15868477483917084,
0.15826827537260468,
0.15741391426563597,
0.15767344078486334,
0.15815255423372987,
0.1584089323098395,
0.15844336344683807,
0.15825846579129232,
0.15851137146795313,
0.15898141775636615,
0.15901302261823166,
0.1583956492182189,
0.15800135043889263,
0.15846257585974377,
0.15870880968392737,
0.15916722632639355,
0.15941058271935699,
0.15943962641761175,
0.15883520847121113,
0.1582403151674327,
0.1580666231221424,
0.1574854180168503,
0.15752098127824402,
0.1577591757887959,
0.15779345734445158,
0.15762603701340142,
0.1578612348822406,
0.15769474350854973,
0.15792798483891346,
0.15716969317470256,
0.15740162398500937,
0.15743621655258244,
0.15786202610316968,
0.15809051456912585,
0.15812229771463868,
0.15854410857495374,
0.1585740626920713,
0.15821624923640806,
0.15691007845503924,
0.15694527961515334,
0.15716856628674264,
0.15757938885560216,
0.1559362079149439,
0.15615792575132587,
0.15656268393172454,
0.15623171445289644,
0.1557234166182452,
0.15612304120719675,
0.15579919215233698,
0.1556576680068926,
0.15569547796222094,
0.15573302909298345,
0.1557703240477544,
0.15475520540236354,
0.15479528883903534,
0.15500839395635144,
0.15539407490218,
0.15491393670183232,
0.15461071231363888,
0.15414152495885902,
0.15401419989077006,
0.15322144017325393,
0.15260612573885007,
0.15265131226566683,
0.15285943345804381,
0.15323011211959423,
0.15343633457645178,
0.15380521554018095,
0.15352038115404976,
0.15307732772225144,
0.15312008390141585,
0.15316257187663357,
0.15225271879854999,
0.15261251939989653,
0.15187275525910723,
0.1522296258329062,
0.15103902686264573,
0.1510864072764022,
0.1509813789632612,
0.15102860010035124,
0.1512268402603906,
0.15157578789394696,
0.15177234148776836,
0.1516658378915962,
0.1517104610808131,
0.1514553527380365,
0.15179891572203055,
0.15154487493869545,
0.1509985387238188,
0.15075133301017934,
0.15079748670855486,
0.15040845747236906,
0.15074411905904944,
0.1509343555342597,
0.15126854954523697,
0.15102429728442116,
0.1506395073424917,
0.150970184571699,
0.1503053076561766,
0.15063350539652745,
0.15067852129153017,
0.1508640822045773,
0.1511899206719552,
0.15095215977705528,
0.15085608514576584,
0.15006883891693437,
0.14888788016341353,
0.1490711372904395,
0.149118843199277,
0.1490319675821702,
0.14841305319624498,
0.14872711031710584,
0.14890771288452964,
0.14882274544646823,
0.1482134980149978,
0.1485235786690172,
0.14870215574131104,
0.14861902674265673,
0.14866637516397027,
0.14871347579590058,
0.14888985633434915,
0.14854915547856215,
0.14885331025530074,
0.1478782683240463,
0.14792646430098333,
0.14822725331055106,
0.14827439284192587,
0.1484474691620587,
0.14849384811200678,
0.14803880219316745,
0.1480858224652924,
0.1482570348593028,
0.14855224506924045,
0.14859773964001674,
0.14876723777684914,
0.1488120050020842,
0.148486105350477,
0.14853123707074886,
0.14857614527445315,
0.14813295034878948,
0.14829987709954937,
0.148344912137311,
0.14802765351769012,
0.14795297932711796,
0.14799838253133846,
0.14816310052482842,
0.14702357171394326,
0.14637048790162635,
0.14618727775582774,
0.14612051988972036,
0.14628391663389698,
0.1463318948607297,
0.146609172873383,
0.14665623777864686,
0.14579294300116324,
0.14550366653801622,
0.14577709217123022,
0.14526638558834803,
0.14520443255636226,
0.14536436474628003,
0.14508165590581087,
0.14469210426898377,
0.14452389913436206,
0.1447912749153817,
0.1449493052947803,
0.14488955447397978,
0.14493836384011954,
0.14498695490122995,
0.14514328247115743,
0.14540721457791,
0.1455625696249536,
0.14560948499444237,
0.14554857776135943,
0.14570269273330874,
0.14596387762624402,
0.14600956233909526,
0.14584096738732136,
0.14610032954961552,
0.1459321415541773,
0.1458712259003274,
0.14602252088630585,
0.1456451029996386,
0.14548073460568958,
0.14521333811401937,
0.14546757434611252,
0.14551304969610296,
0.14566226347732952,
0.14591509097395647,
0.14544164597374956,
0.14507589128132722,
0.14522382798731054,
0.1452690819556806,
0.14521220624342335,
0.14525726286314317,
0.14540370499825236,
0.14484195901354638,
0.14478697609975755,
0.14463237832240247,
0.14467791939373062,
0.14472327260226883,
0.14466918066506684,
0.14451656986675776,
0.14426675740047634,
0.14392143582797157,
0.14406493067297937,
0.1441106986162673,
0.14415628157628832,
0.144395826321104,
0.14338112704234746,
0.14361879373542152,
0.14347392892726668,
0.14342497515733688,
0.14356599404565,
0.143233454066513,
0.143373890167708,
0.14332568055100034,
0.1430904933028422,
0.14313661558526247,
0.14290354011042547,
0.14304249108011677,
0.14308837811589512,
0.1424895464779672,
0.14235331837127285,
0.1425825056071772,
0.1421740516416959,
0.14132153019285487,
0.14145879381117776,
0.14168507415588513,
0.141464948129519,
0.14151239410103544,
0.1416483860858665,
0.14142990945988135,
0.14147709566843253,
0.14143612060926328,
0.14157094070164544,
0.1415298854134407,
0.1408797293140572,
0.14110052259452813,
0.14123426466073075,
0.14145443387542192,
0.14124121063894834,
0.14034555926038195,
0.14056346561647987,
0.1406108255216208,
0.14065801388469665,
0.14070503163603496,
0.14083659343966295,
0.14088314809252028,
0.1410987691383969,
0.1408914148967993,
0.1410218105766358,
0.14081571896397738,
0.14102945551919072,
0.14090774250964105,
0.1411206640972428,
0.14074948362348774,
0.14096136832792686,
0.14059289697681243,
0.14063873425139173,
0.14011069035828722,
0.13975065236300377,
0.13971651721145503,
0.13984397572955792,
0.14005197805371067,
0.14017882895875397,
0.14038627846641683,
0.13978802635348037,
0.13975421549014003,
0.13956137852463685,
0.13960762013079328,
0.1394953218032322,
0.13969963162368942,
0.13982451174639116,
0.13987001977959876,
0.14007342558599264,
0.14011840992387933,
0.14000562271577172,
0.14020792357403766,
0.14001680201624195,
0.13990505445406312,
0.14010605637733742,
0.1399944336209296,
0.13972830607152759,
0.1397730417935234,
0.13989494055847387,
0.1399392768423958,
0.13990636188377858,
0.13995050866098432,
0.13999451001921492,
0.139655643618475,
0.1394715336420594,
0.13966784644704602,
0.1397878705466413,
0.1395285830398266,
0.13957262645388152,
0.13969197514185355,
0.13966028579131842,
0.139553643452541,
0.1395224040783472,
0.13956603268148943,
0.1396095212623696,
0.1390587609678277,
0.13910273427130343,
0.13929424250464315,
0.13919026197406723,
0.13894015291326128,
0.13905715038188043,
0.13910070996581647,
0.13870714472651138,
0.1388961548522103,
0.1387946777980694,
0.13854951910579671,
0.1386652817450013,
0.1388528419413444,
0.1387522650789542,
0.1385091565643539,
0.13862406596238083,
0.1385960401131396,
0.1382134630151011,
0.13832779340322168,
0.13837120245085524,
0.13855575401888237,
0.1386693856742289,
0.13871214049376432,
0.13889595522767745,
0.13872685772254628,
0.13883962503166963,
0.13839173178724476,
0.1378791677112058,
0.13771557110722318,
0.13789657756682488,
0.13800848515098577,
0.13805133316720658,
0.13809405324707638,
0.13827406117881125,
0.13831636453935933,
0.13781180538404544,
0.13799061960009873,
0.13803302933201872,
0.13773631230051558,
0.1377788673694533,
0.13761916401857738,
0.13779623747862205,
0.13783849719443766,
0.13767939674045243,
0.13738793312333414,
0.13756357471542746,
0.1376723929349141,
0.13771442377385842,
0.13749097038285576,
0.1375992302140967,
0.1377735032459726,
0.13741920038305003,
0.13687217329207332,
0.13678461173118026,
0.13682712829025373,
0.1369992889310263,
0.13691179947978246,
0.1370834318128102,
0.136995991511436,
0.13716709875088381,
0.1370797084411004,
0.13712138999765203,
0.13729171555972777,
0.13720440177944276,
0.13737421015679852,
0.13728694840065375,
0.13732804849615296,
0.1373050965790086,
0.13658423850242662,
0.1364998847129352,
0.13666743489283245,
0.13658312255690963,
0.13656185448703237,
0.13660325464130185,
0.13651955179510633,
0.13618765657025733,
0.13622924721400956,
0.13608528010886822,
0.13594209454874462,
0.13610671489938955,
0.13578022967800046,
0.1358219024061165,
0.135924511345765,
0.1359658963428315,
0.13600717006497873,
0.1356839991073421,
0.1358465313406201,
0.13576674827509458,
0.13556689593964943,
0.1356082428539774,
0.13570954173123756,
0.13587076786899757,
0.13597170019898297,
0.13547393886078732,
0.13563420531985051,
0.13549660162245122,
0.1355375520035034,
0.13528256600480035,
0.13526464822478762,
0.13530563410920166,
0.135346513143602,
0.1350357065570223,
0.1347854216087988,
0.13494287561974563,
0.13504199870773206,
0.13508281350828136,
0.13523973339066866,
0.13528022331973374,
0.13532060904996784,
0.1352450246094586,
0.13528531737550759,
0.13515241952675336,
0.13502019987242186,
0.13471722092776953,
0.13487190345119626,
0.1349122436032988,
0.1350095077118107,
0.1347084824247527,
0.13469216221895355,
0.13422538155969058,
0.13432212241487362,
0.1344748381708081,
0.134571249739203,
0.13461137737028547,
0.13476359091855863,
0.13463536255973405,
0.13473116047332365,
0.1345477126888843,
0.1339230610985394,
0.1338534181892835,
0.1338937871642403,
0.13376968705256698,
0.1335916785641444,
0.13363210429822775,
0.13356373246594835,
0.13344149259785035,
0.13359010743969188,
0.13368442373911282,
0.13372445883066963,
0.1337103615431226,
0.13375025216865039,
0.13368230320112745,
0.13382974441537532,
0.13392318520008042,
0.13374774413475035,
0.13378730222311236,
0.13382676535307061,
0.13391964821107336,
0.13395887402675186,
0.13410496906805028,
0.13403704441346345,
0.13418275930718693,
0.13395514983131573,
0.13383488418135023,
0.1338209132239573,
0.13354343116013392,
0.13363511119858296,
0.13367407116178495,
0.1335555991370857,
0.13369927465202902,
0.13373800665752889,
0.1337766477606102,
0.13381519828091423,
0.1332815232174082,
0.1333203958858917,
0.13315269982581768,
0.13324308644362792,
0.13323035335006758,
0.1331663133551744,
0.13315374254377527,
0.1330389710117105,
0.13277214463363307,
0.13286178550946282,
0.13300210204471621,
0.13309146457895743,
0.13267439650256604,
0.13256210885643846,
0.13260087137715476,
0.13274001136148456,
0.13252784595053804,
0.13256647180841033,
0.13260501035976643,
0.13244411046402405,
0.13238327395462215,
0.1322236768281279,
0.13231171743599326,
0.13175989593012452,
0.13179877482829033,
0.13183756721676246,
0.13187627338396,
0.13186609950064732,
0.13190467393312397,
0.1319918774229278,
0.13212769883742387,
0.13201988584054503,
0.13205812028692293,
0.13214482631869143,
0.1322799926511115,
0.1323178564874289,
0.13196856150612318,
0.13200657294139126,
0.13214090162438402,
0.13222688309319716,
0.13197600436284312,
0.1321097583136471,
0.1321953876883966,
0.1320891465845262,
0.13222242347400834,
0.1322598154514203,
0.13234496474416924,
0.13190570451682562,
0.13194319611720295,
0.13198060693122643,
0.1320653149111789,
0.13205518724242968,
0.1319978536934359,
0.13142450649119686,
0.13122894130164922,
0.1313596879985818,
0.13139720205418806,
0.13148115377809239,
0.13161153369892092,
0.1316952448294149,
0.13182541084997348,
0.13176927147645087,
0.13162062291043464,
0.13165758481279663,
0.13174073423502547,
0.13173127521487457,
0.1316757135352828,
0.1317124365926185,
0.13142757538783337,
0.13151018986239332,
0.13163851645481456,
0.13167507392590017,
0.13116456134279286,
0.13124675773819816,
0.13123812812985666,
0.13118427857265988,
0.13122094024453246,
0.13125752623430242,
0.1312489263013228,
0.13128539557233568,
0.13118684706285322,
0.13126818415197672,
0.13130449649512738,
0.13143052469663305,
0.1314666211371009,
0.1315475174884832,
0.1315834327595023,
0.13170897938319986,
0.13165504337472358,
0.13178030947117836,
0.13159233508563675,
0.1316279857699475,
0.13135235522539254,
0.13143242787244813,
0.1313352416231689,
0.13119435578699815,
0.13074736666109346,
0.13078336395523635,
0.13051439986682203,
0.1305939111628681,
0.1303698789185603,
0.13036276296173596,
0.13039880853880523,
0.13047792293699356,
0.13051379481248968,
0.13037745178836327,
0.13041330479170096,
0.13044908702089159,
0.1303990803087535,
0.13052043999343294,
0.13047041468611703,
0.13037788319973825,
0.13037085443554974,
0.13032131789267656,
0.13044187184086092,
0.13039231645775679,
0.13038530320273126,
0.1302936881388934,
0.13024461364004536,
0.12990156527351945,
0.1300209711243749,
0.13009833951313882,
0.13009177266140717,
0.13012707093453435,
0.1302041472432085,
0.13019746347728367,
0.129982391547943,
0.1299344733898034,
0.12996966310075045,
0.13000478545222524,
0.130122787434221,
0.13015771865540862,
0.13010975027835214,
0.13002063819653914,
0.13013807332169497,
0.13009031849152275,
0.13012505936362198,
0.13015973430333702,
0.13019434349818296,
0.1301877860186208,
0.13022229229071416,
0.13017472060443885,
0.13020915238245007,
0.130325420531363,
0.13035966703313961,
0.13039384905068258,
0.13042796676595078,
0.1303803412114572,
0.13037361263092073,
0.1300420495249961,
0.13007624085887662,
0.12978756396340518,
0.12990234072236861,
0.12969547070644613,
0.12976981306967403,
0.12976392532016665,
0.12971807117547374,
0.12927465112712774,
0.12926941338642978,
0.129066748128914,
0.12914058922301938,
0.12925377689607814,
0.1292092031083346,
0.12924341604506012,
0.12935626236493683,
0.1293902995286605,
0.1294636073545054,
0.12926200939536292,
0.12925684879673074,
0.12917359117691493,
0.12897393400632817,
0.1288140688411243,
0.12884817540171198,
0.12895961567332231,
0.1288775663120036,
0.12891151369965564,
0.12886829122439827,
0.12897922582573607,
0.12893597970452172,
0.12904669550947337,
0.1290803398420033,
0.12903705908617355,
0.12891727313233328,
0.12898916431646135,
0.12867918946901347,
0.12878899896495638,
0.1286325416728131,
0.1287420734404955,
0.12869974966867914,
0.12880906815839835,
0.12876672056445684,
0.1285358346768284,
0.12860700161124944,
0.12871577097671694,
0.12878677008634568,
0.12878234176290015,
0.12862767974332798,
0.12866093545096896,
0.128694133061581,
0.12880221219618687,
0.12872294057823624,
0.12856935787795332,
0.12856522368611553,
0.12863550860946318,
0.12866849790371548,
0.12825680149704907,
0.12836379335156137,
0.12832303491881017,
0.12842982330124983,
0.1284627529783264,
0.1285324917515421,
0.12856528593951555,
0.12859802377201776,
0.12859390645115149,
0.12862655423753036,
0.12869590058563063,
0.1286182803365179,
0.1286508049579712,
0.12864664864095632,
0.1285693990623668,
0.12863836433338066,
0.12852486892447215,
0.12844815391144435,
0.12840796722700945,
0.1281148810361819,
0.12814741876494584,
0.12807190001404298,
0.1281043917496843,
0.12820872492635713,
0.12795413228919034,
0.12795083112166503,
0.12776926292322696,
0.1277306247391123,
0.12776310301682192,
0.12765367004301373,
0.1277215365413951,
0.12782476084846806,
0.12785704391189914,
0.12781850878406417,
0.12781539311869558,
0.12784757697086843,
0.12791499931005934,
0.1279470563904591,
0.12755732527804475,
0.12744963683705632,
0.12741207061721638,
0.12751402380626625,
0.12744160633793197,
0.12740417405538126,
0.12750579571798717,
0.12736426724724453,
0.127465650931846,
0.12728999864296378,
0.12701203841471662,
0.12683848333558223,
0.12687070244033977,
0.12673214045472891,
0.1265601932626493,
0.12659246345715436,
0.12669258613755194,
0.12652133208506086,
0.12658735463173373,
0.1266194737545078,
0.12671918814260916,
0.12668355780770768,
0.12668176368722525,
0.1266462684581615,
0.12667818689352653,
0.12671005445610306,
0.12670823935252754,
0.12677363744861425,
0.12680535312044522,
0.12690422572526164,
0.12686863341711865,
0.12696733236344399,
0.1268981909415027,
0.12696317803880164,
0.1269945931689305,
0.12702595862432467,
0.12712422605717297,
0.12705510982506904,
0.12711975811752332,
0.1270174517779819,
0.12684906401361434,
0.12691351563522177,
0.12694469865341876,
0.12674403442430565,
0.1268082888049003,
0.12680640541596147,
0.12683751788734227,
0.12690157326745546,
0.12689959735030523,
0.12696352070621836,
0.12686277050667358,
0.1268936941603004,
0.12695742202665977,
0.12685699522025579,
0.12678962982071457,
0.12685316488333118,
0.1269493491429308,
0.1265887790473745,
0.1266521237007571,
0.12639119866956633,
0.12642208871277003,
0.1264529314088645,
0.12638694044127025,
0.12632115115242581,
0.1262234651074107,
0.12625428680299758,
0.12631712580931828,
0.12641198121589034,
0.12647469237599898,
0.12631312492089608,
0.12634374604780574,
0.12627857052658165,
0.12627728018165763,
0.1263078280600025,
0.12637016504976692,
0.12630519562209083,
0.12639919506980254,
0.12633429611955294,
0.12598523708244713,
0.12585840928954925,
0.12595181625265262,
0.12598228763876762,
0.12576191068540862,
0.12566745312305974,
0.12569797741655292,
0.12566612963192464,
0.12560326692241058,
0.1256337331519723,
0.1257262949684757,
0.12578771778079822,
0.12578693988396494,
0.12575514733078536,
0.12578538869040287,
0.1258155853748615,
0.1255676936295569,
0.1254748192623453,
0.12550508142524794,
0.1255660261901848,
0.12556547255165668,
0.12550360151385667,
0.12535022536240711,
0.1253193819199416,
0.12541053399829705,
0.12537966225246022,
0.12547066682861654,
0.12553113997814738,
0.12556108213029238,
0.12537819193997338,
0.1254081509251421,
0.12546839115194006,
0.12537709665741523,
0.12543722108310215,
0.12552755335825394,
0.1255875617693142,
0.12549633016484177,
0.12552603102080076,
0.1254652419258014,
0.1252244702502095,
0.1251943082625852,
0.12522404110407456,
0.12522382714575625,
0.12519375223560272,
0.1252831088329956,
0.12495545789286139,
0.12501484031817642,
0.1250444892632578,
0.1251334361285731,
0.12507402582020608,
0.12513318337871435,
0.1250443210022456,
0.1250738159914964,
0.1246912127984943,
0.12463291436626336,
0.12463325900715878,
0.12466283569836989,
0.12463394635117722,
0.12472186438693056,
0.12478052206484841,
0.12460586243139087,
0.12457716085384346,
0.12457755506351241,
0.12446202163545422,
0.12454936620537271,
0.12452085027297015,
0.1244346515133944,
0.12449287121826823,
0.12457990497160737,
0.12452262469621572,
0.12455186769978027,
0.12443726191850399,
0.12446648979121006,
0.12446698167569437,
0.12452482432899435,
0.12452526182529636,
0.12458299781433337,
0.12461202437061732,
0.12461238084299989,
0.12464134052565133,
0.12467026035095768,
0.12461344634062536,
0.12464232574110107,
0.12469969111085688,
0.12472847833542929,
0.12475722609391066,
0.12475744777993379,
0.12461555985875385,
0.12467266309916884,
0.12450301033738498,
0.12456000908368343,
0.12450391200816419,
0.12458904886067339,
0.12456120484656324,
0.12458979291614801,
0.1246747369611947,
0.12464685275172335,
0.1245909039611782,
0.12467561773665801,
0.12473215292658171,
0.12456396984359176,
0.12459237602608793,
0.12428555418581194,
0.12431403292641953,
0.12437031232508676,
0.12437087574096857,
0.12434364875432913,
0.12428874260850162,
0.12431709220648902,
0.12440084717422807,
0.1241249027669741,
0.12420842128652372,
0.12423670478516709,
0.12429253135057153,
0.12437590147564628,
0.1242662531841843,
0.12421192345979427,
0.12429503483357293,
0.12432312962758316,
0.12429627994259852,
0.12429690084923349,
0.12407875921240788,
0.12402504668790508,
0.124053134262817,
0.12391804535992111,
0.12394612942078179,
0.1240013133413593,
0.12392088296361053,
0.12394889155837065,
0.1240039297019976,
0.12395072495366838,
0.12395163925498312,
0.12397953630129531,
0.12392651375149473,
0.1239813104422471,
0.12400912151156478,
0.12395618696453747,
0.12398396011704779,
0.12393116138110186,
0.12401255275403095,
0.12390623312088149,
0.12374690093780318,
0.12380131451352225,
0.12388236561456425,
0.12385666630797375,
0.1237246267855225,
0.12372572164395321,
0.12377989917408559,
0.12370140302024205,
0.12375548656460765,
0.12383602697206465,
0.12386351481441865,
0.12367943655959876,
0.12370694251892929,
0.12362900649558088,
0.12365648611258913,
0.12368393066042753,
0.12365876978646553,
0.12368616625968787,
0.12376605455896401,
0.1237408546283533,
0.12382062970422983,
0.12387411253576348,
0.12395380866617227,
0.12377127153577847,
0.12385078727676213,
0.12390408788422942,
0.12393117280692495,
0.12395822344129127,
0.12390685912970183,
0.12393387385490155,
0.12385658710966249,
0.12383153030143892,
0.12378055176754432,
0.12380752699444386,
0.12380852623860898,
0.12386137577217045,
0.12350057369354334,
0.12342464326632642,
0.1233745969000312,
0.12340160099802475,
0.12345422425439052,
0.12348115069062209,
0.12355933963243693,
0.12350928134398009,
0.1235361177324075,
0.12348618155470448,
0.12338534669835693,
0.12346316768261184,
0.12343895138817215,
0.12344023924925235,
0.12326371025825703,
0.12334122003909063,
0.12329189355799856,
0.12331861587431975,
0.12337062506414861,
0.12339727151502718,
0.12327224326814784,
0.12334937045756987,
0.12330027604539413,
0.12332686216409523,
0.12337861301194974,
0.12332959298174029,
0.12333095505045358,
0.12335744117347458,
0.12330857666090142,
0.12336011390216617,
0.12338652302063217,
0.12333773220992793,
0.12336410672618443,
0.12344051120803327,
0.1233917536217202,
0.12334311443893554,
0.12339435622534642,
0.12332087667912332,
0.12334712829312608,
0.12324901743424367,
0.12327525430556954,
0.12335112274695398,
0.12332763303490595,
0.12332897778671223,
0.12320658171967493,
0.12323272836658979,
0.12291396022784051,
0.12298930962134079,
0.12274584039055494,
0.12282099810738122,
0.12265182387436636,
0.12267805701797954,
0.12275300427053332,
0.12273042960611172,
0.12268357942721236,
0.12275834736946399,
0.12278443410238638,
0.12283480154409582,
0.12283651468697458,
0.12266850883252739,
0.12269454581319657,
0.12276895769647964,
0.12274652743572062,
0.12274830199822817,
0.12279838630325692,
0.12282426983970891,
0.12282598015132161,
0.12287594538846872,
0.12282939272049445,
0.12271080207619234,
0.12266457986892301,
0.12252269842819487,
0.1225724602322631,
0.12259826392275432,
0.12262403743054878,
0.12262588876984513,
0.12267549410962905,
0.1227489535676044,
0.12265526290212848,
0.12260945539268032,
0.12268271377268757,
0.12266071948026762,
0.12266253270031974,
0.12264059626367244,
0.12271363592373948,
0.12276289058721099,
0.12278835927680556,
0.12271893405426282,
0.12267335326453853,
0.12250986430564911,
0.12251177997884412,
0.12227869953006618,
0.12235113625467446,
0.12240007667976613,
0.12226155170764375,
0.12231041407669503,
0.12238263696338082,
0.12243142502150435,
0.1223632719289873,
0.12234194717269,
0.12229736165349081,
0.1223692981620798,
0.12232474079710834,
0.12223383037325482,
0.1223055740195613,
0.12207595416232597,
0.1220781678811394,
0.12191897251865143,
0.12192129848070209,
0.12196962550702764,
0.12199490902234374,
0.12202016394987279,
0.12195351463253976,
0.1220016931615088,
0.1220039477394492,
0.12196037930710732,
0.1219855494041475,
0.12201069117509143,
0.12205868566607293,
0.1219238326939272,
0.12197175194088486,
0.12186011765804464,
0.12193072542246289,
0.12188753147440082,
0.12191257339919843,
0.1219603093263766,
0.12198528727069559,
0.12191946433553427,
0.12180856002228205,
0.12178833132362489,
0.12179071276299935,
0.12177053430873229,
0.1215030929738713,
0.12152809818215374,
0.12150825112934452,
0.12153321662213212,
0.12155815452619946,
0.12162784274007918,
0.12165271003956935,
0.12156574473950198,
0.12159059601432638,
0.12166008630979708,
0.12161790332935889,
0.12164268035566964,
0.12142269360885069,
0.12149190968095804,
0.12147228057356836,
0.12147485625627452,
0.12138886357422765,
0.1214136077967028,
0.12141621916810777,
0.12144091694714819,
0.12142143051894938,
0.12124784619570146,
0.1211188557979542,
0.12109975581079858,
0.12116827922958676,
0.12114915529858163,
0.12121759551982657,
0.12117657673915005,
0.12122305402723911,
0.12124763364283783,
0.12111940970035094,
0.1211657821354682,
0.12123392391402105,
0.1211930644146977,
0.12108709301282626,
0.1210681960749171,
0.12113609891586775,
0.12111717840837884,
0.12118499955249262,
0.1212310995794936,
0.12110386710726087,
0.1210202443592259,
0.12082925527182134,
0.12087521124255092,
0.12087814416496312,
0.12090254952474017,
0.12094840600301927,
0.1209083651201987,
0.12093270680024824,
0.12093558961637282,
0.12089565448269758,
0.1208558040845195,
0.12088009189714588,
0.12092571327621235,
0.12092859034336659,
0.12078230992864065,
0.12084911477142606,
0.12076699797695488,
0.12070631643679171,
0.1206881418414816,
0.12071234318799895,
0.12067303479099115,
0.12063380898187867,
0.1205735769869721,
0.12059774534650004,
0.12064296322180484,
0.12051975233278102,
0.12056490279836109,
0.12052599494905512,
0.12055009139176603,
0.12061613436602558,
0.12064016700008698,
0.12066417456315744,
0.12058338397430332,
0.1205864492062115,
0.1204433284267036,
0.1205090468357718,
0.1203039986181881,
0.12030724087339259,
0.12033123436556543,
0.12037595929981892,
0.12025479900146337,
0.12029945787797952,
0.12026132553941374,
0.12009951102341941,
0.11997944677571294,
0.12002397055046657,
0.1200273761656258,
0.1200102572869476,
0.12007520724724383,
0.11999658615686609,
0.12006143868930796,
0.12002386838291705,
0.11998637486161969,
0.11972488749257026,
0.11978945581118941,
0.11983365866078248,
0.11985749427432352,
0.11982035420727057,
0.1198441602439231,
0.11986794209768899,
0.11987141527789527,
0.11989515515346241,
0.11993914292959175,
0.12000338037691202,
0.12002702930990793,
0.11986849869341651,
0.11991236201230303,
0.11979473374274417,
0.11977809531814743,
0.11980173065613711,
0.11982534217818457,
0.11976851463557829,
0.11981219082753417,
0.1198357496019442,
0.11985928469721083,
0.11992295452642157,
0.11988622103237681,
0.11990969144577306,
0.11989305706408221,
0.11995656169075265,
0.1199399048493448,
0.11996329356803204,
0.11984675605896561,
0.11989010074098742,
0.1197142145052754,
0.11975749522464911,
0.1198206426970024,
0.11984397045397958,
0.11970839201391766,
0.11977139070653524,
0.11961643382656857,
0.11965953227006032,
0.11968282811596596,
0.11974564373606408,
0.11978865681499215,
0.11981186566548395,
0.11965741579510829,
0.1196806321507943,
0.11968413259850293,
0.11972699613518625,
0.11978952561045794,
0.11953759121095352,
0.11956076374661968,
0.1195643272459258,
0.11948965404432813,
0.1194542037748182,
0.11951637938076955,
0.11950044894294343,
0.11956255610870807,
0.11954660360433825,
0.11956964707800147,
0.11957318563166898,
0.11961566647667128,
0.11961917161689316,
0.11958377367693683,
0.11945143228110038,
0.11947440992781247,
0.11941991412136434,
0.11946221754272293,
0.119292006788976,
0.11933424901026096,
0.11939575086840618,
0.11936082640626261,
0.11934521409563745,
0.11934885969860586,
0.1193909610891807,
0.11939457370582078,
0.11935976835840104,
0.11940178499638177,
0.11934784354670308,
0.11937063498434615,
0.11929768299526979,
0.11932045837006171,
0.11932409706094338,
0.1193659434793051,
0.11938865327678642,
0.11941134127809326,
0.11941491487491009,
0.11943756491172006,
0.1194220483755089,
0.11938751096578674,
0.11944820987162108,
0.1194707898302383,
0.11949334820361666,
0.11942079719945899,
0.11942434602846466,
0.11944687276484145,
0.11946937802843753,
0.11943496547893025,
0.11941955435730711,
0.11947990168873385,
0.11950233774467073,
0.11941125267072882,
0.11945257495451309,
0.11947497430220606,
0.1194973524065439,
0.11951970929773284,
0.11948543919185542,
0.11939475135944519,
0.1193982830589903,
0.11942060930488861,
0.11940533312357429,
0.1194088515053848,
0.11931862783577989,
0.1193596484344346,
0.11930704711138983,
0.11932931129044895,
0.11923949612706361,
0.11922445469470722,
0.1192280646925541,
0.11921305332188305,
0.11917947118009516,
0.11923886765967402,
0.11926104918543924,
0.11922747449575578,
0.11919396249902746,
0.11893862983939793,
0.11897929108818739,
0.11900147298240174,
0.11900519098163787,
0.11904577492061033,
0.11906789502206394,
0.11912686740459788,
0.1191673759962857,
0.11907889653040724,
0.11904578090017756,
0.11906782930781697,
0.11907148916480297,
0.11909350188853773,
0.11911549425995839,
0.11915581914811677,
0.11906776401815244,
0.11912635545643313,
0.11916660259860075,
0.11922515181797218,
0.11908232947134198,
0.11912249750709519,
0.11914436862684966,
0.11916621963368841,
0.11911505779683074,
0.11891850607194684,
0.11894037712802503,
0.11898038617110586,
0.11900221222061179,
0.11896959073241369,
0.11899139178791804,
0.11888643797063969,
0.11892631739031252,
0.11893000987917016,
0.11896983970219555,
0.11897350239161796,
0.11899521894209608,
0.11901691572479708,
0.11905664669750513,
0.1188620715744874,
0.11891973674256752,
0.11890543502910272,
0.11887319688845253,
0.11887689636953733,
0.11886265932574101,
0.11886636014170499,
0.11872695809194192,
0.11874858990749793,
0.11871665790066872,
0.11875610305716217,
0.11870638553312823,
0.11874578051158953,
0.11876733898178,
0.11882449958767524,
0.11865040772050572,
0.11860100141992377,
0.11853400014928715,
0.11859093962235988,
0.11855939154425471,
0.11858090482224044,
0.11862007301989419,
0.1185179674131389,
0.11850420043119471,
0.11852567437021624,
0.1185471291688331,
0.11856856485262454,
0.11857238257772501,
0.1185586119967376,
0.11852729831839395,
0.11847850218308295,
0.11846483768394588,
0.11841619265716186,
0.11835018077178484,
0.11830176162747844,
0.11828828165279517,
0.1182400117724965,
0.11826138118702655,
0.11819584220965254,
0.11821719656362435,
0.11822117854259925,
0.11824249981662144,
0.11817715583559235,
0.11807740141926988,
0.1180641859785072,
0.11812002046634018,
0.1181413019653686,
0.1181798261631729,
0.11823559482947492,
0.11827407461487917,
0.11824348967831351,
0.11829917584421268,
0.11828583922454632,
0.11834147052393791,
0.1183625901376648,
0.11824594574940005,
0.11826706404012503,
0.11832255251108366,
0.11836082249509555,
0.11827878963790726,
0.11828268910000725,
0.11826943981447931,
0.11827333961034257,
0.11815749511895292,
0.1182127105776878,
0.11819955205548732,
0.11811819034562378,
0.11807107330786419,
0.11810910139079052,
0.11816413286259816,
0.11820211769790391,
0.11812099848931731,
0.11817593325181615,
0.1182138491407205,
0.11823474448357651,
0.11823863228216364,
0.11822554016222812,
0.11828034163496734,
0.11809782997923082,
0.11813560535548077,
0.11795384725298279,
0.1180084291735124,
0.11799557427368121,
0.11805010349011491,
0.11796991945256255,
0.1180075536236015,
0.11792754964059497,
0.11794835313367005,
0.11790206808329187,
0.11788935444925787,
0.1179436199673365,
0.11798111734223042,
0.11788473807329694,
0.11765537721841193,
0.1176761608594247,
0.11771355896276407,
0.11773430327000495,
0.1176885627601778,
0.11772589405374903,
0.11763048531379869,
0.11761807559653692,
0.11757260389564728,
0.11746120901495472,
0.11748192855638992,
0.11753561153603256,
0.11735872838036553,
0.11733016161757504,
0.11731804516534992,
0.11724041617205502,
0.11729386301752426,
0.11733091365952397,
0.11728610278223275,
0.11730675402523176,
0.11719674298837776,
0.11711962188086467,
0.11717284036416707,
0.11714464273314353,
0.11716526688415353,
0.11720213725626258,
0.11720646369373743,
0.11724329196422381,
0.11724759198946712,
0.11726813049802591,
0.11725617775316675,
0.11730915634299952,
0.11728096258903258,
0.11720422681124387,
0.11719235281938022,
0.11714817623939874,
0.11708795371582065,
0.11704396889836922,
0.11708055307147279,
0.11710101079557175,
0.11712145164616125,
0.11717407738299773,
0.11719447688397334,
0.11723095941212829,
0.1172835267458628,
0.11712699609348229,
0.1171794696087165,
0.11702345940770126,
0.11704382306693102,
0.11709617882288605,
0.11713250871318254,
0.11715281098435686,
0.11710912441138334,
0.11714539128061677,
0.11711773127002523,
0.11707416740448137,
0.11701476290904143,
0.11697138584924896,
0.1170075422980227,
0.11702777966447056,
0.11703210915755889,
0.1170523172966004,
0.1170883929177125,
0.11710856445378721,
0.11712871958245781,
0.11714885832373467,
0.11715311166790818,
0.11718908672398619,
0.11719331483862237,
0.1172292498139755,
0.11718591606406704,
0.11712684803888476,
0.11713109776668242,
0.11715114318473056,
0.11718697323174432,
0.1171596038536684,
0.11716382735169349,
0.1171049976457927,
0.11715650010088102,
0.11714496941998791,
0.11714919056895277,
0.11718487677120408,
0.11720480633684635,
0.11706761375058634,
0.1170875477259026,
0.11707610951201552,
0.11708035057202114,
0.11711591197913183,
0.11713578926255265,
0.11710869129534371,
0.11706600814256157,
0.11689868780390328,
0.11693414130651927,
0.11689175703546005,
0.11678735135853319,
0.11679171369762964,
0.11676507662708153,
0.11680042448763016,
0.11682026122124246,
0.11682459744218408,
0.11681345606251242,
0.11683325610644073,
0.1167912175120693,
0.116780120282863,
0.11679989429873819,
0.11685051852830437,
0.11683939533962638,
0.11681287514016225,
0.1167863968892111,
0.11674458418384144,
0.11676429934838413,
0.11678399894729917,
0.116711572583295,
0.11670059762264398,
0.11672027834307097,
0.11672462436847976,
0.11665246739629072,
0.11668741400773111,
0.1167070535071059,
0.11675725230829677,
0.11677685409439026,
0.11676587950546216,
0.11681601151154425,
0.11680501993594353,
0.1168093029332985,
0.11682883824201659,
0.11684835824792741,
0.11683736708200143,
0.11688735242319484,
0.1168154277151606,
0.11680447945829807,
0.1168543714601914,
0.11682820529499773,
0.11686284710931912,
0.11688227263862705,
0.1168864921057761,
0.11687552756314525,
0.11684941283332252,
0.11680819342710831,
0.11678217501133493,
0.11681668069675581,
0.11682091773995211,
0.11681003816053295,
0.11682937867718368,
0.11684870419440316,
0.1167624088297941,
0.11679679938052526,
0.1167558506866095,
0.11669994203645263,
0.11665915964223667,
0.11664844704520609,
0.116652741178739,
0.11664204508960113,
0.11661639175919389,
0.1166655971250722,
0.11659509005832959,
0.1166143397193567,
0.11658877008771368,
0.11657815599206603,
0.11655265008631162,
0.11660167487054912,
0.11663577682622867,
0.11668477218991628,
0.11665921716365493,
0.1166783685453501,
0.1167123986982324,
0.11671662733592704,
0.11675062169227826,
0.11648756914859795,
0.11652151802174052,
0.11657026631920168,
0.11660418122895087,
0.11665290043840143,
0.11664232649692044,
0.11661696592855783,
0.11663601192363798,
0.11665504342864388,
0.1166149363400266,
0.11664872395668419,
0.11666772171931379,
0.11668670505600202,
0.11670567398317414,
0.11670986912815326,
0.11672881248815016,
0.11652689324673687,
0.11645776909995591,
0.11649140482337385,
0.11651035437779317,
0.11655862546415759,
0.11653355134897177,
0.11655246118061231,
0.11657135675234086,
0.11659023808028142,
0.11662375180556428,
0.11658404969567673,
0.11648599536311799,
0.11646108571786362,
0.11650910912164278,
0.11644049778000125,
0.11643022311105555,
0.11644905353907666,
0.11632258466911995,
0.11621099831849038,
0.11624431853558309,
0.1162920998568138,
0.1163253874400946,
0.11637314083016989,
0.11640639581907547,
0.11636725306147822,
0.11640047231371574,
0.11641920854817668,
0.11643793082034404,
0.11644218235987834,
0.11638866497178645,
0.11636408699423756,
0.11641162257604858,
0.11617129086077983,
0.1162043615246803,
0.11625177589721415,
0.11628481442598654,
0.1161743849047296,
0.1161930592368859,
0.1162117197609218,
0.11625901053539524,
0.11619176564711675,
0.11622469697901926,
0.11618614372656298,
0.11620475634486573,
0.11606649898779216,
0.1159997548869416,
0.1159615502357191,
0.11598017014505171,
0.11597039574285889,
0.11594645804046208,
0.11599339974332336,
0.11601197385301484,
0.11598803491850314,
0.11583693863871793,
0.11585551562404824,
0.11588819194933317,
0.11590673890546052,
0.11592527231789691,
0.11588739587766766,
0.11592000486292627,
0.11596669300431532,
0.11585846938156218,
0.1158910260299739,
0.11590950445805787,
0.11592796944158128,
0.11580604152793753,
0.11579647891584488,
0.1157309482081344,
0.1157494109829034,
0.11575387959664271,
0.11577231846441721,
0.1157907439811742,
0.11564175149069446,
0.11567411332570603,
0.11565076117696613,
0.11562744272743672,
0.11567366079480551,
0.11562255991350832,
0.1156687286048886,
0.11568709851713994,
0.11571934457715623,
0.11569603550650753,
0.11563117847942005,
0.11567722997663692,
0.11569555063177436,
0.11572771358438604,
0.11560762747325004,
0.11558449316050415,
0.11560279453036365,
0.11557968852556835,
0.11561176400405655,
0.1155060463453863,
0.11540063053952769,
0.11537775664269155,
0.1153960425456058,
0.11544174440021389,
0.11541886837261771,
0.1152865864501215,
0.11529119023638841,
0.11532310608304211,
0.11534134643851027,
0.11531862019998816,
0.1153641365438088,
0.11530051415400981,
0.1153187215690908,
0.11535054042879925,
0.11536871937178958,
0.11538688543941451,
0.11530979190001768,
0.11526002709229048,
0.11530534126376539,
0.11532348266321304,
0.11534161125169187,
0.11527834930339192,
0.11526937312731332,
0.11528748458330887,
0.11533266780198485,
0.11536429284330417,
0.11536881638401503,
0.11538687159030915,
0.11540491409136222,
0.11530128242665573,
0.11525185748552039,
0.11526989882449266,
0.11527444905594202,
0.11526552550096396,
0.11528353676341763,
0.11524770963412499,
0.11515822600384638,
0.1151628123725753,
0.1151137752429727,
0.11513177031822677,
0.11517654586702344,
0.11515433354647445,
0.11518568024641135,
0.11523040269626358,
0.11514131507167315,
0.11514589013283834,
0.11508373413687199,
0.11491527384188306,
0.11495981032787833,
0.11497774437828777,
0.1149159785182191,
0.11494717395069569,
0.11496508339585618,
0.11498298044193157,
0.11498760163773715,
0.11497896374848712,
0.11498358200357163,
0.11492202336421707,
0.11493988379451188,
0.11497095531143958,
0.1150152395192363,
0.11504628298740872,
0.11505085914602609,
0.11500258368260895,
0.11504678799012573,
0.11502495553898227,
0.11500315312732902,
0.11502091810418935,
0.11495963817484399,
0.11499055577814664,
0.11500829661841278,
0.11502602528170222,
0.11504374178054777,
0.11508775941912984,
0.1151054466479968,
0.11508367125478325,
0.11507506136194988,
0.11500085523690062,
0.11497920346419008,
0.11491832204451022,
0.11494906959540203,
0.11496672165652198,
0.11501052272339457,
0.11496277774620674,
0.11500653446218535,
0.11499801238003293,
0.11496340010213925,
0.11499404322913712,
0.11485529818202413,
0.11489891839855032,
0.11489048616220499,
0.11486906849160115,
0.11491262794774643,
0.1148133506522844,
0.11483091514706713,
0.11478368774324553,
0.11478829565315442,
0.11477996281061588,
0.11482337033072286,
0.11480209447666236,
0.11471630208626216,
0.1147338242734274,
0.114777134506211,
0.1147301622957264,
0.11465754193077915,
0.11464932443796602,
0.11469252760804978,
0.11467144697776036,
0.11465039467054806,
0.11459090654885074,
0.11458275110390699,
0.11456180528403061,
0.11457926182366408,
0.11462229914577633,
0.11461413983594665,
0.11465714445126374,
0.11467454961235986,
0.11466636936284073,
0.11460711700172635,
0.11465003619355198,
0.11462912470090701,
0.11464649274072426,
0.11467660308102998,
0.11469394562739757,
0.11473678358997165,
0.1146394270804419,
0.11451693365112799,
0.11455966302721277,
0.11458968249570566,
0.11463238960607236,
0.11462428705908412,
0.11466696196223908,
0.11462078884770703,
0.11460003316932943,
0.1146046306017572,
0.11452066891108781,
0.11456321395066497,
0.1145804600871628,
0.11461033588880923,
0.11465284288314123,
0.11464476657664113,
0.11466196484654802,
0.11459078650448566,
0.11457015565700457,
0.11456214611621131,
0.11456673443595802,
0.11454615342375488,
0.11456331997584673,
0.1145804752236185,
0.11459761917823248,
0.11462732408270718,
0.11456906470878309,
0.11461129677313318,
0.114640959631922,
0.11462039520499206,
0.11456225734128068,
0.11460440702061349,
0.11458390251898803,
0.11460097230567542,
0.11463054994265742,
0.1146726369245891,
0.11462709367668722,
0.11460661905021537,
0.11458617119816923,
0.11455327489519246,
0.11458276631647706,
0.11458730072365199,
0.11452954286024895,
0.11455899135916527,
0.11453864117742898,
0.11450588809898518,
0.11452286659794933,
0.11453983404739954,
0.11456921325164018,
0.11457373584087584,
0.11459067020642574,
0.11462000975028439,
0.11455007845895784,
0.1145298220948467,
0.11452196941036588,
0.11448938812982665,
0.11451865450029695,
0.11456027641310802,
0.11451534602729381,
0.1145569278895421,
0.11453673260389155,
0.11440563956304149,
0.11443482003550869,
0.11445167536169526,
0.11435784498039427,
0.11428878038310887,
0.11419538074058196,
0.11418777783728777,
0.11419240858718346,
0.11417259643678776,
0.11416501791348056,
0.1141452466199968,
0.11416208130776216,
0.11414233089530725,
0.11412260577282185,
0.11413942076910769,
0.11414405288692221,
0.11410003728759388,
0.11406823867567999,
0.11408503166072474,
0.11411395435441826,
0.11413072382066691,
0.11396570943256011,
0.11389787369425738,
0.11389050824103027,
0.11376263294354198,
0.1137433239913278,
0.11378416961878074,
0.11381297245863509,
0.11385379776943813,
0.11373832268960786,
0.11371907801044359,
0.11368787223949824,
0.11370462089678066,
0.11362559865270248,
0.11363038560681782,
0.11365907536948404,
0.11360411959434606,
0.11362084362031832,
0.11358983780378983,
0.11353505689863129,
0.11356367640119541,
0.11358037632999633,
0.11362087940883601,
0.11363755435636821,
0.11348778829559124,
0.11343330372537751,
0.11347369520923671,
0.1134311217831602,
0.1134477900120023,
0.11339346228038162,
0.11343376948339676,
0.11334409329931795,
0.11337254697829369,
0.11341279342112112,
0.11342941880430824,
0.11341063907233113,
0.11342724957113895,
0.11340848875266248,
0.11340152655901137,
0.11340634245082265,
0.11342292326051989,
0.11338068329099486,
0.11336200196880991,
0.1133668237609405,
0.113359904756975,
0.1133295401644856,
0.11314716357817581,
0.11316373393879973,
0.11320365306227749,
0.11322019910249136,
0.11324841421277912,
0.113229912900067,
0.11319977339444816,
0.11322794912723341,
0.11326777531792205,
0.11329592834714572,
0.11333573524113438,
0.11336386558946122,
0.11336865387582944,
0.11338509795855402,
0.11337821863596649,
0.1133946462518625,
0.11341106374235965,
0.11345077294437882,
0.11346716640139652,
0.11348354976133039,
0.11349992303350608,
0.11348135993025998,
0.11349771876762188,
0.113409451640981,
0.11340258942735787,
0.1134421532006345,
0.11343527847389147,
0.11345160795541695,
0.11343314087169792,
0.113449455994279,
0.1134657611193382,
0.11343572995866714,
0.11345202264959445,
0.11346830536998317,
0.113219063119882,
0.11315481936893451,
0.1131711281556357,
0.11316444128547494,
0.11320371592466623,
0.11319701659140494,
0.11320180554851143,
0.11319511329649719,
0.11317695931911444,
0.11315882740114425,
0.11319799524122919,
0.11321423148944784,
0.11324191671304965,
0.1132123173383223,
0.11317132319506897,
0.11317610221705975,
0.11315802755766416,
0.11317422675210656,
0.11309913814827882,
0.11313813435468427,
0.11313151664735809,
0.11313629726599869,
0.11315246388483415,
0.11307758057217557,
0.11311648484239104,
0.11304173153216492,
0.11305788443194939,
0.11306267877753802,
0.11305612679941816,
0.11303824753120457,
0.11302038976003206,
0.1130591594449732,
0.11305262103840184,
0.11306872215826617,
0.11305087289280176,
0.11308958135347372,
0.11311696754513177,
0.11308780170906002,
0.1130812646720943,
0.11311991210108376,
0.11313595286834091,
0.11308425200778172,
0.11311156550795472,
0.11309375467278074,
0.11309850032385033,
0.11304694111205137,
0.11302920252723746,
0.11304520813646989,
0.11306120419629095,
0.11308843266888702,
0.11310440789146747,
0.1131203735903423,
0.11309139651491833,
0.11311857844840423,
0.11315698049530994,
0.11313922920490055,
0.11312149903336143,
0.1131486345839322,
0.11316454441857009,
0.11311321221721697,
0.11306197141302735,
0.11304433789728634,
0.11308258785152968,
0.11304261938861178,
0.11302502344405509,
0.11302974986432483,
0.11297875486764923,
0.11297236044735676,
0.11287703587068838,
0.11290401928469523,
0.11291988393252349,
0.11292463497369844,
0.11294048262643142,
0.11295632093548863,
0.11298324900525618,
0.11302126823517855,
0.11301487554617311,
0.1129530629260876,
0.11297994409846517,
0.11299573508505319,
0.11300044102513843,
0.11302728920680026,
0.11296559150310802,
0.1129592485690524,
0.11299711392652742,
0.11285832885676612,
0.11289613750671419,
0.11292291168285895,
0.11283951821329302,
0.1128772733921693,
0.11285999707616588,
0.11284274095358691,
0.11283648931509517,
0.11285220692004477,
0.11288988370395601,
0.11287263531585857,
0.11275676200650707,
0.1127724646827516,
0.11275532482654893,
0.11271634265768168,
0.1126992586850138,
0.11273678600842982,
0.11266515026859604,
0.11261544412745998,
0.1125984632484415,
0.11257062828995026,
0.11256456050586475,
0.11260195955403253,
0.11258501760648304,
0.11256809526105192,
0.11259459198920325,
0.11263193406911176,
0.11265841083216885,
0.11267402090659473,
0.11265706995330027,
0.11269436287488567,
0.11265573139641157,
0.11260633440669006,
0.11264356768705848,
0.11247541848529906,
0.11248022246727718,
0.11244191060221338,
0.11245749317496048,
0.11246229712261215,
0.1124563334449921,
0.11249342073783435,
0.11251973400947232,
0.11247072319678791,
0.11247551244684409,
0.11246955441998185,
0.11247434000095478,
0.11245765542249153,
0.11248390020512332,
0.11243506029264573,
0.11247200114378306,
0.11242321794200276,
0.11241730522107468,
0.11245419502212915,
0.11248037303135557,
0.1125172463009658,
0.11254340484231556,
0.11254814321715563,
0.11244598508951043,
0.11248278809173354,
0.11249821996487397,
0.11242828014604771,
0.11241173404104071,
0.11242715686738997,
0.11239998106150277,
0.11235157765267988,
0.11237761907014142,
0.11239302094661686,
0.11239778796615778,
0.11241317393564239,
0.11242855118333413,
0.1124226828462156,
0.11242743191579742,
0.1124534000283139,
0.1124899731043269,
0.11244165763047476,
0.11243579473163376,
0.11245112356903943,
0.11239233774179884,
0.11232309934646668,
0.11232786577055036,
0.11234318470140488,
0.11223197109745225,
0.11225782239527138,
0.11229419766405553,
0.11232003001453829,
0.11227215219530481,
0.11228744085820022,
0.11217663844318661,
0.11221291921979512,
0.11223869428985643,
0.1122434668785938,
0.11225872785904566,
0.11228447268819214,
0.11229971504648012,
0.1122834866240254,
0.11225680026127934,
0.11212558811198584,
0.112099064289372,
0.11211430167077768,
0.11213996556698153,
0.11217605732098823,
0.11219126470998651,
0.11221689996744641,
0.11219036110982014,
0.11221597509409414,
0.11225200947823259,
0.11226717450880208,
0.11216774133692071,
0.11220372002411985,
0.11222928163984604,
0.11224442486902499,
0.11224915419196367,
0.11224347987214527,
0.11227940154708416,
0.11227371637575814,
0.11230961529558817,
0.1123039193003563,
0.11233979549345302,
0.11236526807605125,
0.11225573982537997,
0.11229156081112292,
0.11227551821245557,
0.11225949337885849,
0.11225383941336531,
0.11220681074604857,
0.11219085340579377,
0.11216458784001473,
0.11215899158117495,
0.11219467316803901,
0.11217875040228036,
0.11219377671553983,
0.11218817475995774,
0.11220318743397786,
0.11217698627621976,
0.11216110830772054,
0.11218639636747237,
0.11216024201310905,
0.11218550937170615,
0.11213883419570493,
0.11217435099125497,
0.11216877946089424,
0.11217347545633377,
0.11219869185381695,
0.1122033743313063,
0.11219779717563183,
0.11218197597405563,
0.11213545707635435,
0.11208901454694696,
0.11209372293385604,
0.1121086451260083,
0.11206229224534402,
0.11202620921872868,
0.11200036378518485,
0.11201527481020139,
0.1120301777030405,
0.11202471266978603,
0.11199891042811096,
0.11202396622940403,
0.11203884376276263,
0.11207405054675802,
0.11205841004943086,
0.11204278656574355,
0.11206779353786196,
0.11208263489330857,
0.1120974681824358,
0.11208184328459554,
0.11211696012311592,
0.11208105296485595,
0.11211614128714215,
0.112100528861366,
0.11211532378327083,
0.11214024307594994,
0.11211450760825394,
0.11212928271565928,
0.11215417249627657,
0.11218917821201317,
0.11217356005592892,
0.11212763080805804,
0.11215248051187311,
0.11201583517027307,
0.1119701532790938,
0.11195471494676311,
0.11193929325131337,
0.11197413909217438,
0.11199892265565381,
0.11203375375914539,
0.11205851994794237,
0.11206316450585438,
0.11204770658655787,
0.11207244362756086,
0.11193662444613525,
0.11195131773233702,
0.11190593284749854,
0.11194063212481559,
0.11192529377597069,
0.11191996784422313,
0.11193463410278162,
0.11191931813110803,
0.11184415815985378,
0.11184884809054856,
0.11186350069051544,
0.11187814545940408,
0.1118429836663848,
0.11182776566878698,
0.11186229595694525,
0.1118172525665526,
0.11181200302074541,
0.11175713461453109,
0.1117519187258773,
0.11178636383799849,
0.11180096678344938,
0.1117561040457305,
0.11178060342917903,
0.11181500022150356,
0.1116614336885862,
0.11167602458110439,
0.11171035763228858,
0.11167557538543094,
0.11170988117849728,
0.11173431082453739,
0.11173899607081365,
0.11169438440160571,
0.1116892279201023,
0.11167423207439073,
0.11168876944089527,
0.11172298339133882,
0.11171782112818707,
0.11172249856935335,
0.11174684212842745,
0.11176134113609364,
0.11174633888913321,
0.11178048458730927,
0.11177530657993055,
0.11173086213711625,
0.11173552267638408,
0.11174998902690603,
0.1117742572519419,
0.11172008593852764,
0.11174433387400816,
0.11175877635096639,
0.11162648229991685,
0.11164092917450458,
0.11167490485980491,
0.11166980018363867,
0.11168422433011321,
0.11161084668791756,
0.11162526738551534,
0.11160071550106888,
0.11156646466407986,
0.11158087434075753,
0.11153695396541963,
0.11157078778905195,
0.11156575109911636,
0.11151219936502414,
0.111507194713733,
0.11151188561992091,
0.1115262631967676,
0.11155032361756657,
0.11156468493507621,
0.11159841938425463,
0.11159338512956292,
0.11162709951825008,
0.11161237149177981,
0.11163637940755519,
0.11167006374951212,
0.11169405541343277,
0.11169866932512679,
0.1116936007971925,
0.11170788755576731,
0.11169314688947574,
0.1116494354803824,
0.11162509186805586,
0.11161042215788791,
0.11157649294010967,
0.11158112832908879,
0.11159539118802055,
0.11156151623614645,
0.11156615079536147,
0.11159001767165208,
0.11162349696159979,
0.11163772674393554,
0.11159426529470014,
0.11152208507160982,
0.1114787915252052,
0.11147386056102067,
0.11145936198531621,
0.111492723135706,
0.11151650427093618,
0.11149242846724722,
0.1114875005359976,
0.11150169331675741,
0.11151587879826855,
0.1115300569861605,
0.11148692040929914,
0.11147246352004793,
0.11150571220743656,
0.11141501773580068,
0.11137208011273861,
0.11134821390465623,
0.11131488036849063,
0.11130056694658766,
0.11127678609466195,
0.1112056858322339,
0.11119145859032711,
0.11112999872508605,
0.11114415600968687,
0.11117719529291814,
0.11117244893626056,
0.11117714479772467,
0.11120071304274012,
0.11123371387344566,
0.1112572665167395,
0.11123362028751961,
0.11121942949179842,
0.1112335268443578,
0.11125704359615303,
0.11127112541827269,
0.11124751301697498,
0.11127100351293012,
0.11130390621693681,
0.1113273812042483,
0.1112285001901703,
0.11124255355105835,
0.11127540027882218,
0.1112894370063775,
0.1112846709165365,
0.11131748912997594,
0.11121885408322442,
0.1111579124720947,
0.11119066672282357,
0.1112140480902851,
0.11122805540352798,
0.11123269222675813,
0.11124668658223587,
0.1112606738737223,
0.1112278784312077,
0.11121381454560733,
0.11119976483433419,
0.11121373693270079,
0.11121836571956184,
0.11124166002265956,
0.11127428355641338,
0.11120425870813598,
0.11119024676358456,
0.1112135047962133,
0.11122743833493864,
0.11123205090635073,
0.11124597162348805,
0.1112598853508515,
0.11125517587519344,
0.11128769185730417,
0.11130158464690387,
0.11128755902879352,
0.11119923195725676,
0.11117600433857577,
0.11118989031154856,
0.11121304365956382,
0.11119909973742341,
0.11120369984583976,
0.11121756154454951,
0.11120363045921978,
0.11122674103983682,
0.11124058429397811,
0.11121740215447323,
0.1112312362260385,
0.11121732263829434,
0.11121266253998588,
0.1112264817045313,
0.11124029398330773,
0.11124486322693122,
0.11125866290409595,
0.11127245571090735,
0.11129547434355166,
0.11132771993861214,
0.11135072367602539,
0.11135525061150035,
0.11134131686901753,
0.11136429547996851,
0.11134114529419072,
0.11129959865943978,
0.11129492534844286,
0.111327074976221,
0.11129478861015829,
0.11130851547328843,
0.11125789538868018,
0.11127161665772421,
0.11126696645901234,
0.11127149750484595,
0.11129437961321183,
0.11119805609324163,
0.11107455689435375,
0.11106087385424801,
0.11106545589020833,
0.11100619894084322,
0.11099257314020762,
0.11102449431748246,
0.11103818860494688,
0.1110245582386946,
0.11099274798213628,
0.11100643099987711,
0.11102010729350097,
0.11105196347405921,
0.11101108883342199,
0.11103383381745285,
0.11095672074870244,
0.11097944673722061,
0.11098402843021118,
0.11094330380831871,
0.11093883879391243,
0.11094342700982991,
0.11093896522200024,
0.11095259446459871,
0.11093005255224671,
0.11095271068388253,
0.11090309714704326,
0.11084454926198511,
0.11080411198244687,
0.11079072411972546,
0.11079533920669075,
0.11071008556713573,
0.11069676948644157,
0.11071037808485634,
0.11072398006725276,
0.11072860556478069,
0.11074219540834919,
0.11072888421223036,
0.11066186875833905,
0.1106307325548507,
0.1106085692363607,
0.11063108168126944,
0.11060893426415398,
0.11059573266647844,
0.11060929876204685,
0.11060502237091378,
0.11059183755690746,
0.11054305382230989,
0.11055660643135992,
0.11057905114482315,
0.11058369202300977,
0.11054387586927684,
0.1105307565591225,
0.11049102661902277,
0.11048681622988321,
0.11051807857458164,
0.11054046463106368,
0.11049192158120515,
0.11048771690778664,
0.11046581487563584,
0.11048816627287654,
0.11050166152860631,
0.11053284759197726,
0.11052863259834327,
0.11046255946907609,
0.11042307538652071,
0.11045420045539887,
0.11047649478771418,
0.11042822365007782,
0.11039763889442827,
0.11037589189620121,
0.11037175758058732,
0.11035004579666281,
0.11036349882549668,
0.11038573305202819,
0.1103991722051976,
0.11035113532429315,
0.11036456883870711,
0.11036044986686802,
0.11037387262108149,
0.11040483095625919,
0.11039193106460708,
0.11040533566239231,
0.1103136524049328,
0.1103095643901859,
0.11031422118318342,
0.1103276155765955,
0.11034974452410187,
0.11036312517324674,
0.1103677605795495,
0.11023279712264338,
0.1102636051061139,
0.11028569170585213,
0.1103164882057766,
0.11030370048576281,
0.1102648091874186,
0.11028686422286232,
0.11030020908122608,
0.11030484678786923,
0.11030078448377814,
0.11031411342765932,
0.11027529439565201,
0.11023653036325712,
0.11026720711502892,
0.11025449396216025,
0.11022445850858917,
0.11022910362714662,
0.11024240757474561,
0.11026436736457555,
0.11027765777795233,
0.11029094192940438,
0.11032154214596993,
0.11013595580456843,
0.11011473548184987,
0.11013664304451666,
0.11008958960917022,
0.1100598193689643,
0.11009030845615544,
0.11011218387210257,
0.11012544452694517,
0.1101128862153822,
0.11014334257704175,
0.11015658557538366,
0.1101440224815581,
0.1101314711504701,
0.11014470143141308,
0.11016651717817728,
0.11014537942861598,
0.11014142673471773,
0.11015463716745219,
0.11016784142684684,
0.11014673257307438,
0.11014278488892347,
0.11012170937512152,
0.11009209963859636,
0.11009673283866206,
0.11010991571833612,
0.11009744167087232,
0.11011916314093856,
0.11012378254627295,
0.11006862326987943,
0.11008178611574092,
0.11011201116235805,
0.11007397652891282,
0.11001896211446925,
0.11003211204395094,
0.11006228480792293,
0.11002435535624541,
0.11003749082054652,
0.1100081115531693,
0.10998726016291549,
0.10998340601242619,
0.10999652764381342,
0.10998418880876171,
0.11001426753557243,
0.110027371911022,
0.1100489534749258,
0.1100535624831413,
0.11001578805498864,
0.11000346406989724,
0.10997422779551487,
0.11000423093195892,
0.1100257662577395,
0.11000499673290541,
0.11002651704392606,
0.11003111913634792,
0.11001881648170193,
0.11000652516025027,
0.1099183376145382,
0.10988926778803786,
0.10989389818822538,
0.10991536134196316,
0.10994523800405928,
0.10995826792756232,
0.1099039822501052,
0.10989179061675525,
0.10989641068766484,
0.10989262924611211,
0.10990564235779501,
0.10991864950540427,
0.10993165069303906,
0.10991107888409724,
0.10992407188370407,
0.10988675792122622,
0.1098829896710752,
0.10987085222294182,
0.10990057521618224,
0.1098968051483188,
0.10992651258424399,
0.10994784330148094,
0.10987715361503061,
0.10989846750579914,
0.10988635067847505,
0.10989094501652924,
0.10991223737699936,
0.10987509017046965,
0.10987968269632216,
0.1098759342869067,
0.10985552311250996,
0.10982680865577747,
0.10983973023150077,
0.10985264593355809,
0.10985723482409968,
0.10985350342582428,
0.10986640426900807,
0.10987098482842117,
0.10988387487233801,
0.10987182880260123,
0.10986809781170868,
0.1098228785074965,
0.10981917022160143,
0.1098237536324867,
0.1098449115127731,
0.10983291215630069,
0.10976299031613851,
0.10972624919983431,
0.10974737396935356,
0.10973544575320815,
0.10969877026061449,
0.10971162161145993,
0.10962556803244827,
0.1096384185033605,
0.10964303141773958,
0.1096558712050137,
0.10960290974539728,
0.10959109478655223,
0.10962035753101225,
0.1096413984336943,
0.10965421646124453,
0.1096670287276677,
0.10969626605745103,
0.1096926359926622,
0.10972185827125369,
0.10974286035108732,
0.10975564120794822,
0.10976841632683602,
0.10979761325801504,
0.10981037513557991,
0.10975746477820546,
0.10972102924151324,
0.10973378635701751,
0.1096973993507705,
0.10968560026852646,
0.10969016815182134,
0.10967838109790183,
0.10969112112969932,
0.10968751163916719,
0.1096757380588958,
0.10970479842162081,
0.10967669928196734,
0.10970574011383505,
0.1097021308244394,
0.10973115680660395,
0.10972753967958963,
0.10969131904461202,
0.1097040145578787,
0.10965970237874346,
0.10968053133464435,
0.10970949430490112,
0.10972217070366111,
0.10966976761424706,
0.10968243969318561,
0.10969510613862854,
0.10965902780348746,
0.10967168819632084,
0.1096518811734675,
0.10964020264023962,
0.10961232861524817,
0.10964118103543845,
0.10965382199726605,
0.10966645735603738,
0.10968718838866935,
0.10966741722343214,
0.10965575766520311,
0.10967646733316118,
0.10970526393448671,
0.10966933313672725,
0.10964152820248314,
0.10953309540454027,
0.10952153286013755,
0.10953413979483032,
0.1095145345632281,
0.109438672491648,
0.1094673470136926,
0.10945583972406707,
0.10946843244433031,
0.10945693227237725,
0.10946951644242402,
0.10949012132986327,
0.10951874793827658,
0.10949119015348548,
0.10940758900801346,
0.10941215202838643,
0.10935272833595264,
0.10936529396718676,
0.1092820381793627,
0.10927865143941329,
0.10930716188113393,
0.10927188536843256,
0.10929240640151654,
0.10930495316543354,
0.10929359903821632,
0.10929817532869578,
0.10924706139233596,
0.10927549943597395,
0.10928802706734092,
0.10923697698934894,
0.10920187452319541,
0.10923026626466635,
0.10922691455753658,
0.10925529210994517,
0.10925193277920947,
0.10916935571589137,
0.10919769423195447,
0.10912317554597806,
0.10913567730021363,
0.10911657196626977,
0.10908959380764639,
0.1091020865728854,
0.10905937195099917,
0.10903246776698328,
0.10906070564443321,
0.1090731848214608,
0.10909353452943937,
0.10900371398694696,
0.10902404730143851,
0.10905223692274416,
0.10907255884367227,
0.10908501207250712,
0.10911318511044647,
0.10910204228649642,
0.10912233946771348,
0.10913477118064308,
0.10914719752330898,
0.10913605123960994,
0.10916417803043932,
0.10917658908593834,
0.10919684926087113,
0.10920924880434392,
0.10921379012833879,
0.10922617977931927,
0.10924641535199626,
0.1092038639709843,
0.10922408531111989,
0.10913459814223721,
0.1091313232710716,
0.10913587326619117,
0.10910914496543325,
0.10913714674594362,
0.10908700476003007,
0.10911498407472354,
0.1091351486742763,
0.10914749758523236,
0.1091520331890848,
0.10916437229592019,
0.10913769074080693,
0.10911883416080294,
0.10913895932288133,
0.10910453620757343,
0.1091090733935134,
0.10912917840961792,
0.10908702007058572,
0.1090993334996614,
0.10908831807331933,
0.10907731206153627,
0.10908961441236159,
0.10908637932875397,
0.10911420335243247,
0.10911096090220214,
0.1091387712994913,
0.10912776019628062,
0.10905474050655393,
0.10904378084721088,
0.10900961640821831,
0.10903736294929567,
0.10900322683592781,
0.109000035447166,
0.10900457138807186,
0.1090013815579723,
0.10885171694309863,
0.10887938045899784,
0.10889933882544285,
0.1089115910778041,
0.10891613952009047,
0.10891298971985727,
0.10894061959094281,
0.1089374624810198,
0.1088574552894282,
0.10888504814644986,
0.10878218903018988,
0.10879442116014511,
0.10879132486005,
0.10880354817135415,
0.10883108655098378,
0.10879735481374653,
0.10881721942812929,
0.10882942438201063,
0.10883397194783281,
0.1088079260794716,
0.1087895494609685,
0.10876355596111326,
0.10877574651742167,
0.10875740890120296,
0.10877722060525301,
0.10873602691242948,
0.10875582495357555,
0.10876799663712475,
0.10879540439244807,
0.10879232466122764,
0.10878163172447587,
0.10880901550414727,
0.10882116239196613,
0.10881046483159036,
0.10882260376962619,
0.10883473761493549,
0.10885447617715943,
0.10884377511443447,
0.10887110862653296,
0.10888322213295142,
0.10890293737557193,
0.10889222497643403,
0.10890432475828127,
0.10890881808982099,
0.10892850912389658,
0.10895579667166731,
0.10896787470787261,
0.10893436051173006,
0.1089312471686936,
0.10894331602968331,
0.10894779004562712,
0.10893708874421196,
0.1089491454627728,
0.10890055998052242,
0.1089277640594025,
0.10893981014638895,
0.10892913002676306,
0.10889575879676265,
0.10891536137255584,
0.10889714305550734,
0.10890917294276889,
0.10892875733074227,
0.10888788708950307,
0.10889990638976528,
0.10887418136456564,
0.10887865036200506,
0.10889820234837727,
0.10890266283458569,
0.10885436490086849,
0.1088588328894116,
0.10884824176204143,
0.10886023438310229,
0.10887222203020772,
0.10884659228298041,
0.10883602085563344,
0.10880292625694468,
0.10872487848598711,
0.10872936554433608,
0.10874883704903346,
0.10877579850463426,
0.10879525958590278,
0.10880721937106051,
0.10874427888089748,
0.10876372019406118,
0.10874574405887816,
0.10869042300951857,
0.10864265357277753,
0.10865460537608569,
0.10868147334454704,
0.10869341387239592,
0.10869043126222253,
0.10870236339313279,
0.10868447217746083,
0.10869639735371747,
0.10870831762568971,
0.10869788633482923,
0.10869490770864011,
0.10870681685897217,
0.10873360950392003,
0.1087231785359844,
0.10872019431425542,
0.10870977669869712,
0.10871423199206864,
0.10868154019611193,
0.10864888858537917,
0.10864593644400451,
0.10865781660580828,
0.10866227696086793,
0.10863709209943057,
0.10864896192002182,
0.10866082688571525,
0.10866528094864893,
0.10864012532779348,
0.10860021100636423,
0.10861945758328513,
0.10864609207526625,
0.10864315112758938,
0.10866977313696813,
0.10866682533745878,
0.10865649321959012,
0.10866832036426655,
0.10867275877297279,
0.10868457697924803,
0.10868162835704342,
0.10864180775625149,
0.10863887664077604,
0.10860648791566388,
0.1085447217800657,
0.10856388202228168,
0.10857568473440092,
0.10849934048094159,
0.10852582096114173,
0.10854495654820276,
0.10854940671376898,
0.10856119241558793,
0.1085509645596135,
0.10854074499341461,
0.10850855580681089,
0.10852765497924612,
0.10853210080631558,
0.10848531841014059,
0.108497084498972,
0.10852347409928886,
0.10851329043560287,
0.10842278830299155,
0.10843454563805807,
0.10840254194546249,
0.1083924310153598,
0.1084041802479922,
0.10843049628708713,
0.10836214710127899,
0.10834479750360702,
0.10832019853113786,
0.1083028860657661,
0.10832188222676542,
0.108304579411075,
0.10829454508924087,
0.10831352328657046,
0.10832524353094768,
0.10833695906824191,
0.1083631739232288,
0.10826620316208176,
0.10828515089736306,
0.10829685568215992,
0.1082579223294487,
0.10824793884976135,
0.10819464363139113,
0.10820634232551936,
0.10816034120822365,
0.10818645253723387,
0.10816210996037164,
0.10813059540053915,
0.10812069596460294,
0.10811080442951682,
0.10807936455182957,
0.10810541357881094,
0.10811708808186862,
0.10812875793110321,
0.10814042312929689,
0.10815926676186365,
0.10817092200936286,
0.10815385125941658,
0.10817267810332813,
0.10819867945187299,
0.1081529127018335,
0.10815738009214756,
0.10814751002286206,
0.10815914135223771,
0.1081564393813955,
0.10816806277522101,
0.10817251994306709,
0.10816265757866525,
0.10813134486293442,
0.10812150861071629,
0.1081331174196107,
0.10813043047342165,
0.10815632123154174,
0.10811078466972568,
0.10809383970699839,
0.10810543331244021,
0.1081170223292325,
0.10813573854829667,
0.1081045450051086,
0.10811612350479455,
0.10807784766358218,
0.10803251176412518,
0.10805830673554671,
0.10804854784067362,
0.10799618759654254,
0.10801485327462128,
0.10798384183388617,
0.10795286703646569,
0.10797860120122091,
0.10793348857039782,
0.10795920375168071,
0.10797783388530019,
0.10796814054869056,
0.10797260543303733,
0.10796292050181794,
0.1079603130423393,
0.10794357346250777,
0.10796216906109893,
0.10798782682679407,
0.10795696111456324,
0.10793318733043507,
0.10783193496784303,
0.10784345725756438,
0.10785497503508142,
0.10786648830304414,
0.10785688659861062,
0.10785432493234652,
0.10786582781888711,
0.10785623513310959,
0.10786070300029318,
0.10787219489952123,
0.10789070895886932,
0.10790219125451764,
0.10788557294887233,
0.10781285561010502,
0.10782433442772162,
0.10782179183050077,
0.10782625645690523,
0.10778170957374282,
0.10779317731831607,
0.10779764415744557,
0.10778812157384281,
0.1077855961607056,
0.10781103077072728,
0.10780849891413569,
0.10783392214695492,
0.10784536115881914,
0.10784281965726134,
0.1078682258430242,
0.10786567792493766,
0.1078561486420872,
0.10782569311895442,
0.10778830299699331,
0.10779972201570935,
0.10781810542645681,
0.1078225467704934,
0.10777824416389525,
0.10778965038577008,
0.1078010521899106,
0.10772901686389579,
0.10774041716367387,
0.10772403570392808,
0.10773542962079964,
0.10772599916266787,
0.10771657599072852,
0.10772796034632592,
0.10772547379259306,
0.10775071587143271,
0.1077482229584124,
0.10767648854471257,
0.10770169970761173,
0.10767847393943286,
0.1076829229139243,
0.10770119739334211,
0.10772638269187558,
0.10773773227638885,
0.10770760496519871,
0.10772585869600076,
0.10775101818298431,
0.1077623521113213,
0.10778059179944219,
0.10772286107818957,
0.10774108830029146,
0.10774550926963594,
0.10775682683996543,
0.10775434441706404,
0.10777944894236616,
0.10779765142546316,
0.10780895102210564,
0.1078133495378514,
0.1078315372069969,
0.10784282380023659,
0.1077714249209442,
0.10776206136849835,
0.10778710769132531,
0.10779838477990232,
0.1078096575495484,
0.10782780738424227,
0.10779092387664636,
0.10774721947799484,
0.10775161691146015,
0.1077697429199452,
0.1077947313095276,
0.1078128483613084,
0.10759795354158061,
0.10760237633827874,
0.10762046948953337,
0.10762488488043444,
0.10758147948335502,
0.10760638466664552,
0.10762445664244694,
0.10760838539849672,
0.10760597317776861,
0.10763085312113622,
0.10764890480869814,
0.10761238001710648,
0.10762360244512717,
0.10762118861412785,
0.10759153191354703,
0.10760274622710159,
0.10756631991652701,
0.10754353253484183,
0.10755474106606844,
0.10755914963515179,
0.1075703502510817,
0.10758834117535605,
0.10755199293085492,
0.10754282469478532,
0.10749976356356987,
0.10752450903130222,
0.10754247171179122,
0.10756720980806203,
0.10755804795060017,
0.1075556675380303,
0.10752620479083383,
0.10755091120833464,
0.10750794199981129,
0.1075191043743514,
0.10748970676053682,
0.10741985116337488,
0.10744450375208013,
0.1074421670485577,
0.10742634831989459,
0.10742401906972368,
0.10742842808315826,
0.10740589839220234,
0.10726914291078637,
0.10728029283859462,
0.10727801582585306,
0.10728244895406648,
0.10728017254852927,
0.10727119332562572,
0.10728232684557468,
0.10725325506603803,
0.10727777951231696,
0.1072353436710243,
0.10724646723024613,
0.10727096915062853,
0.1072887752237782,
0.10729988462377997,
0.10730429903045796,
0.10731540067948758,
0.10732649817694537,
0.10732421570765445,
0.10729520191798736,
0.1073196550328466,
0.10727730935565166,
0.10730174532557633,
0.10727945520694052,
0.10726385478506822,
0.10726159773793617,
0.10727267078815744,
0.10729707060979778,
0.10728814085644195,
0.10728587837208581,
0.1072503335091366,
0.10726804603406025,
0.1072524882949366,
0.10726353969680999,
0.10728123740739592,
0.10719261850945909,
0.10721694170098145,
0.10723462217131535,
0.10724565910427435,
0.10723678104019059,
0.10726108343903722,
0.1072787453212485,
0.10726322624532328,
0.10725435044663555,
0.10726536666769677,
0.10728300837376016,
0.10729401587939078,
0.10731827870624942,
0.10732927695586374,
0.10734690096043976,
0.10731150273139718,
0.10730924686063374,
0.10733347730848733,
0.10733121549517317,
0.10734219371550156,
0.10733331278320643,
0.10735751934161453,
0.10730895986694182,
0.10730010160411342,
0.10729124988458343,
0.10730221251192418,
0.10731317109189921,
0.10733072876611191,
0.10728228459008331,
0.10730642731995205,
0.10732396963456987,
0.1072755750744756,
0.10729969597395818,
0.10731063281034112,
0.10732815522058146,
0.1073390834586697,
0.10734341915487772,
0.10732141213998712,
0.10733233156490539,
0.10735641348011407,
0.10735415836424389,
0.1073453252842215,
0.10732992311697859,
0.10734082626404924,
0.10725976687979931,
0.10727066956229163,
0.10725532760571131,
0.10726622443676825,
0.10728367515358987,
0.10730768055258412,
0.10723991572261748,
0.10719843764303805,
0.10720278226913572,
0.10722020559436293,
0.10723108359510812,
0.107235417873586,
0.10725282765769337,
0.10727677346584154,
0.10721574122018823,
0.10723966740779094,
0.10725052529005147,
0.1072679109703742,
0.1072134838297484,
0.10718520996138292,
0.10714394238658118,
0.10716781623165507,
0.10717866148190905,
0.10715695502990921,
0.10716779501502778,
0.10719164566953038,
0.10716994872106078,
0.10716127271072826,
0.10718510205938551,
0.10717642421853682,
0.1071937429896626,
0.10720455854272118,
0.10721537016273221,
0.10720019386302365,
0.10719801350573842,
0.10720881649459565,
0.10721312467839089,
0.1072044539925565,
0.10722173478958037,
0.10719361374013486,
0.10721736764127839,
0.10721518604721458,
0.10721948566075368,
0.10719787356148247,
0.10720864917102045,
0.10721942087623419,
0.10715255362152705,
0.1071762541099816,
0.10717409004553542,
0.10714608637993912,
0.10716976582984238,
0.10716760567623754,
0.10717190276815566,
0.1071891094178237,
0.10719339977718226,
0.10718478162718599,
0.10713748608897043,
0.1070387839096344,
0.10706239298266694,
0.10705384222696016,
0.1070517246555192,
0.1070624606056968,
0.1070539170092112,
0.10707749542467973,
0.10706895000449869,
0.10708609470117252,
0.10710965846052356,
0.10712679519083741,
0.1071375041218262,
0.10710968631093268,
0.10709472612380581,
0.10708618986318594,
0.10709689005956478,
0.10711399754586538,
0.10709905166482185,
0.10703290791164778,
0.10704999850572308,
0.10705428904359258,
0.10705218196481377,
0.10705646967479918,
0.10706714835935867,
0.10706503895173566,
0.10703737955311596,
0.10704166542396135,
0.10705871827751767,
0.10704384892836916,
0.107022614188243,
0.10703327474753493,
0.10703755546951782,
0.10705458443762841,
0.10706523357251317,
0.10708863020631755,
0.10708652043215572,
0.10710990744323086,
0.107101419093803,
0.10711842222684952,
0.10714179481840626,
0.10715879011391012,
0.10716940735674567,
0.10717364806611766,
0.10719063048066348,
0.10720123636579784,
0.10712907152825203,
0.10708245556775361,
0.10708035475929167,
0.10708460603184959,
0.10705711491152672,
0.10705502385255859,
0.10707830879085065,
0.10708890007998341,
0.10708680072259899,
0.1071100713672303,
0.10712699493678382,
0.10709952354177148,
0.10711009852945527,
0.10710165932148244,
0.10712490018041466,
0.10710379282821415,
0.10712702119483283,
0.10708693982452512,
0.1070974983016806,
0.10710805303723829,
0.10711227894068673,
0.1070848948036236,
0.10710176142566312,
0.10707440063696146,
0.10706600241723904,
0.10707023076242964,
0.10708076730412235,
0.1070976105595003,
0.10706398515944761,
0.1070745134983955,
0.10700944200958908,
0.10696963461594991,
0.1069612999911845,
0.10698439749654746,
0.10699491759452393,
0.10696773056933964,
0.10698452775902058,
0.10681944729361428,
0.10683622937849796,
0.10685926924316563,
0.10685100026361266,
0.10686151052801124,
0.10685950171267969,
0.1068825199800931,
0.10687425009510988,
0.10686598601644091,
0.1068077518926661,
0.10683073685441206,
0.10684747347809569,
0.10683298764277993,
0.10679356552710711,
0.10680405149011939,
0.10682700446571904,
0.10683748212566026,
0.10684795611706008,
0.1068459586383922,
0.10683150129748957,
0.10684819684557302,
0.10687111914409818,
0.10686911666132369,
0.10687957108307351,
0.1068837940979404,
0.10688178932347031,
0.10686734010654712,
0.10686534152091033,
0.10687578200017459,
0.10689865867496873,
0.10689043366975946,
0.10685114670232247,
0.10682432236134917,
0.10682854570275059,
0.10682656290833067,
0.10679977943523812,
0.10679160985233108,
0.10681442371848801,
0.1068062523562335,
0.10682286078812306,
0.1068146902808777,
0.10683748297150807,
0.10683550172408797,
0.1068582852838061,
0.10686868101625192,
0.1068419376321047,
0.10685232898126973,
0.10686271672117861,
0.10678657143683312,
0.10679695857064385,
0.1068196929837241,
0.10681154813166488,
0.10682809836160315,
0.10683847109467541,
0.10681181600300309,
0.10678518860573177,
0.1068078843323425,
0.10678743473620446,
0.10679779655639834,
0.10680815479108394,
0.10681235044829475,
0.1068227019859914,
0.10682073595942713,
0.10679415915440224,
0.10679835296150192,
0.10679639598146176,
0.10680058710104469,
0.10679863049169952,
0.10682125492678156,
0.10683772977015793,
0.1068111900175383,
0.10676013445571293,
0.1067520606565381,
0.10671335495536867,
0.10673592974198548,
0.10675237466639884,
0.10677494332692473,
0.10673625648819936,
0.10674656650514666,
0.10675687297537483,
0.10674269994555406,
0.10672242431186091,
0.10673272430481973,
0.10670024900540943,
0.1066983318549887,
0.10669031206201196,
0.1067128106855819,
0.1066864869500586,
0.10658709990577621,
0.10660347731749793,
0.10655901400815954,
0.10658146235700225,
0.1065917453435637,
0.1065898656933474,
0.10658191043584847,
0.10660433828349913,
0.10661460856678731,
0.10661272400923104,
0.10661691400575384,
0.10663324883939507,
0.1066435059942478,
0.10663554328332717,
0.10662758601064284,
0.10663176761785542,
0.10664808124484397,
0.10665832361557497,
0.10665036535782321,
0.10658788102610721,
0.10655574799125522,
0.10656598631731343,
0.1065218007999773,
0.10653203619139462,
0.10653018402472567,
0.10652229371580828,
0.10654459907598991,
0.10654274460910713,
0.10651071903939283,
0.10652093892459721,
0.10653115533788184,
0.10654740000566139,
0.10653951724723393,
0.10652561310214126,
0.10652376777988293,
0.10649783782256013,
0.1064899838951205,
0.10649416683144544,
0.10650436354393199,
0.10649651317089698,
0.1065127177257714,
0.10649885712673195,
0.1064970237255621,
0.10651922480182797,
0.10651137869772426,
0.10644952241413316,
0.10642971808375813,
0.10645188543749472,
0.1064440753357169,
0.10645424606637205,
0.10647040612422955,
0.10649255621534912,
0.10650870923263078,
0.10651886447401739,
0.10646911636537434,
0.1064852556714362,
0.1064594981877441,
0.10648161155283342,
0.10649773857347529,
0.10650787854956043,
0.10649408990089003,
0.10636090942221973,
0.10637105137763825,
0.10624422737832014,
0.10626626738686294,
0.1062466780429127,
0.10625681760971108,
0.10626695377387511,
0.10625926029465209,
0.10621001759924016,
0.1062260830703053,
0.10624807976985169,
0.10625820324499427,
0.10622087019619882,
0.10623099031726986,
0.1062529646474511,
0.10624529301832585,
0.10623762652315757,
0.10624773481279098,
0.1062459934780791,
0.10622057553556008,
0.1062425137190451,
0.10623485839993317,
0.10622720819530662,
0.10622547518993683,
0.10620010569942422,
0.10619247559992215,
0.10620256331841307,
0.10620674319704256,
0.10621682461162216,
0.10621509738004611,
0.10622517292147005,
0.10622934429416503,
0.10624531393185416,
0.10626718129564323,
0.10628314407085543,
0.10625190776146738,
0.10620892376805968,
0.10621898134028336,
0.10622903556676738,
0.10622730925920794,
0.10621381278222566,
0.10621209183814773,
0.10623390290509291,
0.10619689463341729,
0.10620693472064643,
0.10619346629415508,
0.10619175354663864,
0.10614309005996629,
0.10615898980409494,
0.10613383412963628,
0.1061380014910125,
0.1061304479836595,
0.10612289947849121,
0.10612121044936691,
0.10611366958056422,
0.10612368689514462,
0.106127849601676,
0.10610861598655388,
0.10611862585746164,
0.10612278623956813,
0.1061327899099496,
0.10614279027506264,
0.10610605101675794,
0.10612772748534793,
0.10612604186724617,
0.10609518049102357,
0.10609350520847649,
0.1061034928137624,
0.10600279965964922,
0.10597788812378262,
0.10598787612804125,
0.10598623412948693,
0.10600784227700238,
0.10602363392098264,
0.10603360837742262,
0.10602033266653879,
0.10603611255719649,
0.10598800755688197,
0.10600377802721275,
0.10602534972213858,
0.10601789770394898,
0.10601625126535526,
0.1060204053721382,
0.10603615677050571,
0.1060403051598261,
0.10603285679140584,
0.10604859649602318,
0.10604114866526408,
0.10604529188406589,
0.10600890005187147,
0.10601304691978054,
0.1060229784679202,
0.10602133522494749,
0.10599656404243135,
0.10600648908035008,
0.10601641087152087,
0.10602054999863726,
0.1060304657056435,
0.10602304611948024,
0.10603873287391387,
0.10604286375643365,
0.1060181278750102,
0.10601649024463251,
0.10600908571584015,
0.10601898441537248,
0.10601158269664754,
0.10603300617166472,
0.10604289558811536,
0.10605854692723764,
0.10607996086212051,
0.10606101768589203,
0.10605361071127889,
0.10604620856297342,
0.10603305560832632,
0.10603141872642917,
0.10601827994901142,
0.10602814762589148,
0.10602651340580692,
0.10601913330984579,
0.1060404867076773,
0.10603310486820361,
0.10604295891004632,
0.10605855428865477,
0.106068401527255,
0.10608973491105034,
0.10608234306905233,
0.10609792405337375,
0.10605036107429747,
0.10606019632764542,
0.10603562451009542,
0.10604545577385617,
0.10604382244076406,
0.10605364812663767,
0.10607493044488263,
0.10605037932989551,
0.10604874625495965,
0.10605283752057641,
0.10606837376217587,
0.10602097770108124,
0.1060193546647977,
0.10598916938330145,
0.1059989763758317,
0.10598023640916557,
0.10595010629995424,
0.10594280487476797,
0.10594120653021705,
0.10594530640780876,
0.10594370816419796,
0.10596489341684363,
0.1059462073783486,
0.10595599494935927,
0.105925945815321,
0.10592435508549647,
0.10589434711453331,
0.10590981033881482,
0.10585144878977136,
0.10587257766222627,
0.1058880283011283,
0.10589212507703438,
0.10587353027827624,
0.10589464099199229,
0.10587038573761276,
0.10588581676079334,
0.10590691325643016,
0.10591666889667907,
0.10591508601086172,
0.10589084685937375,
0.10588361089577375,
0.10587072121422654,
0.10584653187681953,
0.10585627687131145,
0.10583775992312415,
0.10580796627804605,
0.10581770652724799,
0.10583308884325074,
0.10583717767526199,
0.10584690857706562,
0.10586228039774999,
0.10587200469120665,
0.10586479788963202,
0.10586887604230492,
0.1058673129677471,
0.10588830594689605,
0.10588110007720775,
0.10589080842228552,
0.10590615102073407,
0.10592712852314162,
0.10593682641901062,
0.10593524701375402,
0.1059562129233061,
0.10593772435982662,
0.10593051383609346,
0.10591767863311455,
0.10591610658024068,
0.10592578820154586,
0.10592984040151897,
0.10593951623609378,
0.10588734711204266,
0.10590825882789907,
0.10591792885752938,
0.10589389400005303,
0.10583622539539567,
0.105767449246976,
0.10578831749728713,
0.10576999391518294,
0.10576287323794663,
0.105783725173882,
0.10575982659723507,
0.10574153829894047,
0.10575119541383773,
0.10575526267135046,
0.10575374296955455,
0.10575780775627656,
0.10575628810472697,
0.10576035042351638,
0.10575883082280317,
0.10566256488630076,
0.10567220802487025,
0.10568184811527014,
0.10569705270366371,
0.10566772843341143,
0.10568292490326656,
0.10570368225725792,
0.10571887254256915,
0.10570624292967826,
0.10565472278451063,
0.10565879044339896,
0.10566840984942054,
0.1056502666211353,
0.10563768610666177,
0.10558077296460525,
0.10559038799548781,
0.1055335657553278,
0.10554871176578513,
0.10553619619042628,
0.10553474605128742,
0.10554435219862242,
0.10555395532745031,
0.10555802811739141,
0.10557315253527394,
0.10554959575080457,
0.10554262247913997,
0.1055522138243063,
0.10557284447815057,
0.10553827657405714,
0.10553131450369713,
0.10553538308821608,
0.10554496304228589,
0.10553800360322724,
0.10555308983630525,
0.10554062165618394,
0.10555570052973566,
0.105565267305033,
0.1055858488350857,
0.10560091826885451,
0.10557742953247634,
0.10554846107737614,
0.10555801652031165,
0.1055400724090329,
0.10546173661887538,
0.10544385777824017,
0.1054643813883326,
0.10547941643044756,
0.10548896227150992,
0.10550947713267986,
0.10542583309524428,
0.10533689645331189,
0.10532458438156496,
0.10533959181556495,
0.10534913267819639,
0.10536959734501802,
0.10532998212111004,
0.10532860140403595,
0.10533813359579372,
0.10535857657144337,
0.10533536979989128,
0.10533398897486995,
0.10532715841763474,
0.10534757974801438,
0.10532985078486642,
0.1053502624705852,
0.10535977454301006,
0.10534205153386918,
0.10535155947182098,
0.1053556204304131,
0.10537056650564439,
0.10539095394311988,
0.10538956175916123,
0.10539905497172661,
0.10540310297648244,
0.10540170851936924,
0.10542207540839764,
0.10539892176335543,
0.10538122373204754,
0.10538526977907246,
0.1053784501198361,
0.10535534890909559,
0.10534854376432416,
0.1053580164267875,
0.10535121361097527,
0.1053498365971025,
0.10535930223582989,
0.10536876495253775,
0.10534570980432491,
0.10533891987764439,
0.10532672097027006,
0.105341589373346,
0.10536186830408756,
0.10536049110009503,
0.10533206684979333,
0.105341512872507,
0.1053347360858074,
0.10534417733535162,
0.10532659708152746,
0.10528204208206259,
0.10529687620121467,
0.10527394277810508,
0.10529416284609278,
0.10530898660588521,
0.10524834309987462,
0.10524700043490497,
0.10525104227945878,
0.10526046594890417,
0.10527527041194672,
0.10528468795541124,
0.10529410260998492,
0.10528198706973654,
0.10529139732747388,
0.10526853436167224,
0.1052833175863742,
0.10530347521895667,
0.10528062070901713,
0.10527927330254395,
0.10528329804331743,
0.10528195057257263,
0.10528597291990718,
0.10528462538557626,
0.1053047490377017,
0.10531950144011419,
0.10532888197966309,
0.105348997222293,
0.10534763445517312,
0.10526047896571908,
0.10526449708658812,
0.105257802762445,
0.10527252842281964,
0.10528189609134603,
0.10525914440405684,
0.10527921104135424,
0.10526182067633832,
0.10526583178804583,
0.10528053643544741,
0.10530058669646712,
0.105299240789173,
0.10528720460948804,
0.10528051967824609,
0.10527918009081914,
0.10525114734146403,
0.10526582663590497,
0.1052698283947175,
0.10526849294239883,
0.1051925365199119,
0.10520719945320609,
0.10521653294186135,
0.10523651641315077,
0.10523519141722122,
0.10520725323082371,
0.10520593663877019,
0.10519930237848495,
0.10520862291187545,
0.10520199085419772,
0.10515817910975332,
0.1051515686917893,
0.1051661913535068,
0.10517019504933008,
0.10512115787084898,
0.10512516701540323,
0.10513977464646719,
0.1051437788250712,
0.10510540765181473,
0.1051147095116976,
0.10511342178806113,
0.10511742643542175,
0.10512672086175219,
0.1051095625047171,
0.10510299036744548,
0.10510699288390454,
0.10510570904245958,
0.10509914302229147,
0.10510314329505767,
0.10507018909620552,
0.10507946870213675,
0.10509929950538552,
0.10509801952860262,
0.10511784342762481,
0.10512711120034131,
0.10512582482374488,
0.10513508767528786,
0.10514434773884472,
0.10514833111818843,
0.1051575859388712,
0.10517211121418006,
0.10516027167238916,
0.10511157304214981,
0.10511555700227859,
0.10509849072660377,
0.10507618023066724,
0.10508016708772105,
0.10509466523272391,
0.1051039035734827,
0.10507635781949061,
0.10509084547522056,
0.10506857185681097,
0.10507780303219522,
0.10509752990833937,
0.10505953123829968,
0.10502157806770275,
0.10503080338213654,
0.10504002593580887,
0.10503353194884196,
0.10502704184632256,
0.10504149325890298,
0.10506117770191134,
0.10502851734701502,
0.10504819067068463,
0.10504693374498916,
0.10505613781772014,
0.10506010901759713,
0.10505362163776158,
0.10506804667479412,
0.105040658493522,
0.10501851805821381,
0.10502771081343043,
0.1050421212196516,
0.1050356495168062,
0.10499788961442014,
0.10500707494476579,
0.1050162575392787,
0.10490047839773939,
0.10490446333424203,
0.10491364571202022,
0.10492802457818191,
0.10488523534800802,
0.10481656482695495,
0.10483092982412744,
0.10485047861683446,
0.10486483812727228,
0.10482216564917571,
0.10481579402535149,
0.1048094261788899,
0.10482377059302986,
0.10483293408737313,
0.10484209486653992,
0.10484607598686647,
0.10483970482983292,
0.1048385106960448,
0.10485800991833412,
0.10485163900056729,
0.10483493182770778,
0.10481307144441432,
0.10482221619890102,
0.10482619299844793,
0.10483533266004877,
0.10482897879780344,
0.10480714795579295,
0.10480596500725939,
0.10482541401117154,
0.10471088393581206,
0.10472516401700371,
0.10474458831912332,
0.10474342283033236,
0.10469083679029922,
0.10468454761846335,
0.10468853504747418,
0.10470279420062312,
0.10470677687572048,
0.10469021992301468,
0.10467880689198794,
0.10467253081126111,
0.10468164335236042,
0.1046958822232565,
0.10470498910088417,
0.10469870963002864,
0.10470781207922246,
0.10472716590369409,
0.1047413898612097,
0.10472997773264492,
0.10472369676361946,
0.10473791062299734,
0.10472650805682568,
0.10473559396621275,
0.10469860971974491,
0.10470769305938973,
0.10471677373653485,
0.10471562187110796,
0.10470935768169723,
0.10470309716154541,
0.10467640816724806,
0.1046548486991295,
0.1046639198381159,
0.10467298832362333,
0.10465654621213967,
0.10466051112139742,
0.10467467296777179,
0.1046837323720681,
0.10465710738369403,
0.10467125921959057,
0.10461411232456887,
0.10462825595252571,
0.10461695558094868,
0.10461583335358887,
0.1046350533505092,
0.10464409827699336,
0.10463788537693448,
0.1046215120091313,
0.10464071492751159,
0.1046548333050045,
0.10466386656631625,
0.10465765394043834,
0.1046768439191321,
0.10467570912090846,
0.10467965357463428,
0.10468867489751861,
0.10470277218597657,
0.10472194601411491,
0.10472080110564216,
0.1047095038417723,
0.10471851295349345,
0.1047275194455887,
0.10472130035609603,
0.10469987166759485,
0.10463794062855346,
0.10464188094143828,
0.10464075838552876,
0.10464975699397926,
0.10461322829317803,
0.10462222436997125,
0.10464132982193336,
0.10464020870069325,
0.10463403443529497,
0.10465312824475406,
0.10460150085659822,
0.10460039080404314,
0.10458919140521379,
0.10458304202126377,
0.10457689619435541,
0.1045606765123955,
0.10456965287982078,
0.10457862665285773,
0.10459767346643867,
0.10457642215749055,
0.10459042437955852,
0.10459938867361429,
0.10454796892662162,
0.10453682109970427,
0.1045508089525687,
0.1045597673244718,
0.1045687231127881,
0.1045877292062195,
0.10459667924165605,
0.10461065327599049,
0.10461959785716002,
0.10460843879829976,
0.10461737940307825,
0.10463134138436052,
0.10463525288653112,
0.10463414048813266,
0.10462800796525995,
0.10463693717465877,
0.10458064670773508,
0.10457954899470392,
0.10458346311426313,
0.10455231207643861,
0.10457125068844136,
0.10457015632855331,
0.10457907461043157,
0.10454295351785843,
0.10454686789925614,
0.1045607825317485,
0.10450971488659991,
0.10451862649047768,
0.10453752598504218,
0.10453144781788214,
0.1045153895747272,
0.10451930193138682,
0.10452820280237748,
0.10454209131918753,
0.10455098680285421,
0.10455489012431105,
0.10453884131943617,
0.10452778903698053,
0.10453667723555916,
0.1045455628918075,
0.10455942989250899,
0.1045782787959675,
0.1045771879244204,
0.10457111550463305,
0.10458995307624515,
0.1045739184266292,
0.1045628733963297,
0.10457671894709285,
0.10459554011280611,
0.1046093805773029,
0.1045834027067526,
0.10456242124533416,
0.10456133678781108,
0.10458013452808214,
0.10457904617066274,
0.10458789707524531,
0.10458183891118976,
0.10453110536184756,
0.10453499133819028,
0.10451407832625662,
0.10450805093789277,
0.10450698214751417,
0.10452573433536426,
0.10453457226159718,
0.10454340767425876,
0.10455719600919497,
0.1045511620744391,
0.10454513156959806,
0.10456386329725505,
0.10457763989864305,
0.10457160444139303,
0.10455072532361502,
0.1045150303919018,
0.10453373696284558,
0.10453266498002034,
0.10454147852195088,
0.1045453471056799,
0.10452945207097795,
0.1045333207342137,
0.10454212627252758,
0.10453611655529056,
0.10453504568096508,
0.10452410733249946,
0.10453290544845324,
0.10452690429572314,
0.10453569828053871,
0.10454448977666675,
0.10455820972952579,
0.10457685868565635,
0.10454127683642449,
0.1045549873930768,
0.10456376787691728,
0.10456761913735836,
0.1045763949407636,
0.1045900944396034,
0.10460871817817866,
0.1046224126969176,
0.1046311774539119,
0.10462023677830866,
0.10463392247770116,
0.10463775618249842,
0.10463666517678609,
0.1046011332377213,
0.10456564137509693,
0.1045596560877634,
0.10457823400906721,
0.10458698358268549,
0.10458099509262955,
0.1045504681889653,
0.10450036349991793,
0.10451891283446287,
0.10452765598255527,
0.10450699603909344,
0.10450593996766408,
0.10451467797483775,
0.10452341352573262,
0.10452725015809074,
0.10454087726282757,
0.1045593986370981,
0.10456812381465265,
0.10456705447224889,
0.1045708802396611,
0.10456981070266982,
0.10457852747818357,
0.10458234895090174,
0.10456660509271166,
0.10457531620414748,
0.10456447051674574,
0.10457317785619143,
0.104586770100708,
0.10455150510263655,
0.1045553246631955,
0.10455426130395201,
0.10457272239210103,
0.10456677478822952,
0.1045754683963695,
0.10458903949793528,
0.10452458099256393,
0.10454301764527633,
0.10451273210167043,
0.10452141908733024,
0.10452523464610941,
0.10453391705283749,
0.10453286149977883,
0.10453667279625707,
0.10454534875602206,
0.10453942623141534,
0.1045383702807695,
0.10452759109829547,
0.10452653848836398,
0.10453520537436946,
0.10451471989218579,
0.1045088155357848,
0.1045271886831897,
0.10452128277175302,
0.10453479462233264,
0.104494929570928,
0.10449388673642206,
0.10448315049748359,
0.10446757702918878,
0.10444717387777804,
0.10445098357237192,
0.10443059962480024,
0.10442473778045336,
0.10441887919261128,
0.10442752331798089,
0.10441200286884297,
0.1044013229409996,
0.10436651949793116,
0.1043655103880197,
0.10435967931982533,
0.10436349356679217,
0.10433357190681782,
0.10434220549874189,
0.1043604718265968,
0.1043594655096813,
0.10423820607960176,
0.10424683733898657,
0.1042650752321482,
0.1042785060940488,
0.10428232475639815,
0.10426693071130863,
0.1042563476899703,
0.10425536811580861,
0.10426398508870838,
0.10422943354568662,
0.10423804815232138,
0.10423228120186671,
0.10421214697704345,
0.10417767161985256,
0.10419585237581241,
0.10414706354852776,
0.10416045161438374,
0.10417861814176553,
0.10417287972287857,
0.10418148037709017,
0.10418052147590984,
0.10419867458552133,
0.10421204686675992,
0.1042015265775781,
0.10421011619645681,
0.10419482691470595,
0.10421296190236191,
0.1042119969767069,
0.10421580526231422,
0.104186216840997,
0.10416142389787468,
0.10417000251618364,
0.10418334438828022,
0.10413000251411332,
0.10413857720697456,
0.10411860109189758,
0.1041319293757566,
0.10415001256195328,
0.10416333614999886,
0.10418141542396492,
0.10419473431827005,
0.10419853428003926,
0.1040977812236335,
0.10408735495930882,
0.10405796441021668,
0.10407600647057483,
0.10404663766993828,
0.10402203355108916,
0.10402111826684568,
0.10402493686150485,
0.10402402129159938,
0.1040420353479062,
0.10405058109122337,
0.10406385736702067,
0.10405347034351058,
0.10406674092427996,
0.10407527785985408,
0.1040507076811232,
0.10406396946911702,
0.10407250096531674,
0.10409048581616662,
0.10408483004473104,
0.1040791773545502,
0.10408770058330874,
0.10408204942025368,
0.10406695851384762,
0.10408491914082878,
0.10407927257885309,
0.10407834780440253,
0.10408214148099458,
0.10409536976180224,
0.10410387726891614,
0.10412181912941017,
0.1040784438053398,
0.10407280795091803,
0.10407659747843999,
0.10407567494172758,
0.1040700436641705,
0.10408795783091646,
0.10410116044970254,
0.10409081658035775,
0.10404754909715473,
0.10405133651173826,
0.10405982423242889,
0.10407301149840739,
0.1040908988231042,
0.10410408149436451,
0.10411255900088077,
0.10413043969196721,
0.10412480527397106,
0.1040111835133368,
0.10401965867844985,
0.10400937549300218,
0.10400847209391406,
0.10402631638239866,
0.10403478339228187,
0.10399171488394084,
0.10393934621701276,
0.10395248914583942,
0.1039048625317537,
0.10390865568317188,
0.1039171180079556,
0.10393024875845487,
0.10393870627092368,
0.1039331521372897,
0.10392760099705822,
0.10394538881279052,
0.10395850641040034,
0.10396695328109916,
0.10397539787649554,
0.10396517290128582,
0.1039502904955248,
0.1039540673290421,
0.1039065826926956,
0.10391967907487507,
0.10393743136947314,
0.10393654919006116,
0.10394032391747497,
0.10394875355567003,
0.10396183736086538,
0.10397026222092841,
0.10393214421592105,
0.10394521896748495,
0.1039396854515761,
0.10395740587458893,
0.10395652076670171,
0.10393704308166961,
0.10393151695313024,
0.10392599378812593,
0.10390654664850014,
0.10392424005539053,
0.10393728923331175,
0.10393176896112885,
0.10393553139719178,
0.10393001405967552,
0.10392913719627836,
0.10390508262896139,
0.10391811430992574,
0.10392187465162427,
0.10390710321617225,
0.10390160208560797,
0.10390536235435649,
0.10391375047334774,
0.10389899574695495,
0.10390275396843066,
0.10390188528056625,
0.10389639288813725,
0.10388628122705937,
0.10389465957872729,
0.10390765740720148,
0.10391140957505948,
0.10390592001422759,
0.10391890990730655,
0.10389494967449509,
0.10390331681958545,
0.10383326304574612,
0.10383702092718759,
0.10382234842602657,
0.103830712241865,
0.10377003036414814,
0.10378759336007624,
0.10379595364194384,
0.10380891183443752,
0.10381726743026785,
0.10383482132967058,
0.10380638161245322,
0.10378715775028222,
0.10380469666452713,
0.10380385474983957,
0.10381219992477377,
0.10375168571618067,
0.10374168453157115,
0.10373627344837491,
0.10374919912511323,
0.10373004129767452,
0.10373379849411557,
0.1037467158280529,
0.10373672942370936,
0.10373590484807026,
0.10375339261678325,
0.1037525645833793,
0.10375631382755807,
0.1037692155003198,
0.10378669254350176,
0.103767553625361,
0.10375300262247394,
0.10374760404503294,
0.10373763848203864,
0.10373681544932067,
0.1037268584762366,
0.10373517047080316,
0.10374348027025243,
0.10366966425540336,
0.10366885757622386,
0.1036771655273974,
0.10368547128760741,
0.10366188520088747,
0.10366108097423847,
0.10366482949430184,
0.10365947358022523,
0.10367232258489364,
0.1036669665781562,
0.10364796981595631,
0.10366535787141636,
0.10366455404723787,
0.10365465985574288,
0.10363568626591571,
0.1036348896825223,
0.10361593552202195,
0.10361968160816344,
0.10362796400499201,
0.10364078201282921,
0.10363091199579785,
0.10363918856817735,
0.10363839236878378,
0.10359227758707393,
0.10358243535660423,
0.10359070743274253,
0.1035989773397723,
0.10361177267463456,
0.10360645710915485,
0.10354235327498527,
0.10355513847362563,
0.10357244178687558,
0.10358522268531652,
0.10359348067985949,
0.10359721646560939,
0.10359191328811637,
0.10359113010487757,
0.10359938084545117,
0.10358053479198902,
0.10358878260301135,
0.1034978125068019,
0.1035060610677055,
0.10351881269993254,
0.10352705672447181,
0.10352178547345066,
0.10352552252115096,
0.1035247559198939,
0.10347450077138698,
0.10348273839268256,
0.10345501530977871,
0.10347223730212156,
0.1034714834675756,
0.1034662383608621,
0.10344752771690785,
0.10346473434144013,
0.10347296036790386,
0.10348567338351083,
0.10344005375761385,
0.10344379185539976,
0.10345201204845385,
0.10346023010421858,
0.10344155422234737,
0.10344080899071047,
0.1034579823744668,
0.10347067356615498,
0.10346544297495616,
0.10344230727622838,
0.103441562655476,
0.10344529273092977,
0.10341324225589589,
0.10341250459250935,
0.10342964579776544,
0.10343784437865987,
0.10341029351417896,
0.10341848964519403,
0.10343561726662204,
0.10341701383642368,
0.10341627640978052,
0.10341107683013658,
0.10342818925158033,
0.10338285073629287,
0.10336429664432423,
0.10335911745060439,
0.10331833157475398,
0.10333541482741543,
0.10334359592653992,
0.10335622483907773,
0.10336440148954948,
0.10335478040068,
0.10336295371904383,
0.10335778356170276,
0.10335706144218156,
0.1033607843980476,
0.1033733955408398,
0.10336822646862842,
0.10333197275988742,
0.10333125711462875,
0.10333497970665922,
0.10334313872844782,
0.10332911202215116,
0.10334613981241013,
0.10334542177206497,
0.10332696969046955,
0.10331739326228208,
0.10332554300049315,
0.10333812147589135,
0.10334626680100324,
0.10333669073998672,
0.1033226932882024,
0.10333968852423898,
0.10334782701822777,
0.10336039065344499,
0.1033552448450849,
0.10333240588147165,
0.10334496115736085,
0.10332213831903651,
0.10333468802806357,
0.10334281497957525,
0.10333768094250464,
0.10335464283423489,
0.10329651547845407,
0.10330905129136314,
0.10331717111305723,
0.10333411649116811,
0.10333340451429669,
0.10335034485703914,
0.10332315966960494,
0.10332686028893963,
0.10333496916807135,
0.1033342577383365,
0.10332913903047623,
0.10332402294194154,
0.10330569705236685,
0.10329618818315471,
0.10326468897076048,
0.10320686059625901,
0.10321935442687831,
0.10319671608141735,
0.1031653238664144,
0.10316465112324924,
0.10317274794398283,
0.1031896130389511,
0.10314948924331556,
0.10315758180621323,
0.10313939419668443,
0.10314310575351769,
0.10315557158924517,
0.10316365719620615,
0.10316736321785434,
0.10317544492289417,
0.10318790166924725,
0.10320473392860931,
0.10319967769979432,
0.10315963466062006,
0.10314148325460207,
0.10313208106562759,
0.10311831826745983,
0.10310892891155743,
0.10309082062239523,
0.10309016688170224,
0.10309387358047667,
0.10310193897616983,
0.10311436243313529,
0.10312242352493499,
0.10313048257202646,
0.10313418010440223,
0.10310737446925368,
0.10310236320246668,
0.10311912656009123,
0.10311846800244917,
0.10310039889407147,
0.10310844746449448,
0.1031251978307202,
0.10310713607695066,
0.10310648079802602,
0.10312322064995044,
0.10311821382640046,
0.1031175565439177,
0.10309951747824438,
0.1030511044197848,
0.10305914057729962,
0.10307151428390982,
0.10307954617214306,
0.10308757603182286,
0.10309126491445887,
0.10309929092936647,
0.10310731491805693,
0.10310666133815703,
0.10308433025671215,
0.10309235005991296,
0.10308736680607805,
0.10308671807694732,
0.10309040105884577,
0.10308975193765885,
0.10308044432312118,
0.10308845451300679,
0.10308780620919834,
0.10307850502591652,
0.10309083660322722,
0.10310749281352945,
0.10308089175982048,
0.10306295729470219,
0.10307960000838556,
0.1030789545387856,
0.10309559239620229,
0.10310790703522854,
0.10308565682803696,
0.10309796610879537,
0.10311459271516243,
0.10306214287209327,
0.10307875845036522,
0.1030738005063715,
0.10308178337552566,
0.10308113874537202,
0.10309774310276308,
0.10309709529684853,
0.10307920647197776,
0.1030871809878143,
0.10307791963558101,
0.10307296998057197,
0.10306802280654122,
0.10304156315888358,
0.10304522969672936,
0.10305319615167895,
0.1030396595247533,
0.10304762302092242,
0.10305128579473169,
0.10306354403453526,
0.10305860767675083,
0.10306656382246868,
0.10307022114763324,
0.10308247014443217,
0.10302601162088428,
0.10303396289278054,
0.1030419121780591,
0.10301983391954046,
0.10298920391903979,
0.10299715052309741,
0.10299224387099458,
0.102974495416658,
0.10297387726261975,
0.10299037842106357,
0.10298975712119009,
0.10295491828809934,
0.10296285530386397,
0.10294941779613524,
0.10295307863116608,
0.10296101093519806,
0.10297321410046269,
0.10294270131270608,
0.10292501917535604,
0.10292867950338881,
0.10292380695828757,
0.10291893683578132,
0.10291833226320914,
0.10290068117352326,
0.1028958208275548,
0.10291225964026246,
0.10288185034238782,
0.10289402370658447,
0.10288916923458731,
0.10287155527072006,
0.10286670938139429,
0.10285761514143439,
0.1028570248104613,
0.10287343262616455,
0.10288558858157933,
0.1028552552800545,
0.10285042002930916,
0.10284134288013536,
0.10284075670992099,
0.10284865611914437,
0.10286503991254306,
0.10287293501350878,
0.10288507145655895,
0.10289296245128565,
0.10285843826638913,
0.10287056690090053,
0.10287845383553458,
0.10288633882033005,
0.10290270080962485,
0.10287667565842308,
0.10288031953223117,
0.1028627878737986,
0.1028748996769082,
0.10285737795972105,
0.10286102141138238,
0.10287312588692595,
0.10284292967706128,
0.10285925712758741,
0.10285444195557017,
0.10284962915784931,
0.10286172114140148,
0.1028780377575546,
0.10278877921651515,
0.10280508074610634,
0.10278763512543332,
0.10279549603133908,
0.10280757162486413,
0.10281542846597085,
0.10281063572438959,
0.10282692031733667,
0.102834771557997,
0.10282997602409885,
0.10282939621791064,
0.10283302947743614,
0.10284508715511767,
0.10286135632796019,
0.10283128953671669,
0.10283071003131589,
0.10284696780531734,
0.10284638523399292,
0.10286263837449612,
0.10285784424032896,
0.1028656753052834,
0.10284826302983213,
0.10278464461560463,
0.10279247441423406,
0.10277091458558797,
0.10275776194655943,
0.10277397889408259,
0.10276921821112993,
0.10277704095166194,
0.10277647442828292,
0.1027717158532357,
0.10278791834070931,
0.10279992658604727,
0.10280774014640214,
0.10279878508673584,
0.1027940247406713,
0.10278926672235691,
0.10276357860008553,
0.10277138610030748,
0.10277500661685364,
0.10278699537875857,
0.1028031675589846,
0.10279004456745151,
0.10277274854039099,
0.10276800423030771,
0.10278416139594476,
0.10279195558899486,
0.10277885064948265,
0.1027866420049188,
0.1028027885612081,
0.10281057573109517,
0.10282253967608868,
0.10281778843223696,
0.10277546545388098,
0.10277907472442703,
0.10276599630659335,
0.10278211814363117,
0.10276487413027162,
0.10276431338349525,
0.10273458879811884,
0.10275069426144771,
0.1027584669328523,
0.10272876445921034,
0.10274069722689246,
0.10275679069861654,
0.10273126682998927,
0.10274735286376611,
0.10273431965836184,
0.10275039970856692,
0.10275816014731773,
0.10275344433429769,
0.10276535917302207,
0.10274817496107258,
0.10275177419680948,
0.10276368194407941,
0.1027548153687572,
0.10276671853842889,
0.10274955049596962,
0.10271994830684732,
0.10272769488582446,
0.10274373624598736,
0.10275147869269435,
0.10275092336569318,
0.10276695796080647,
0.10276639964486774,
0.10270782507006472,
0.10271556155877669,
0.10271501420998529,
0.10270618816370121,
0.10271392017407772,
0.10272165031527629,
0.10269214505768882,
0.1027040086979282,
0.10272000644265035,
0.10271532376562469,
0.10270237640099,
0.10269356882782482,
0.10268063627405635,
0.1026759685558616,
0.10269194427132547,
0.10269966028102197,
0.1026991177120807,
0.10266556856758331,
0.10267740574848856,
0.10269336600453915,
0.10268870103009979,
0.10269640813540265,
0.1027082371363755,
0.10270357064006583,
0.10270715016756637,
0.10270248580542905,
0.1027019437145207,
0.10268492711194883,
0.10269262385468252,
0.10268385079473252,
0.10264628698491557,
0.10266220628593177,
0.10266989805115469,
0.10266936339788132,
0.10268527603676485,
0.10269707466511824,
0.10268831194827552,
0.10263847492548658,
0.10265437161202569,
0.10266205324106482,
0.10263689250514783,
0.10265277972132819,
0.10265224951531988,
0.10264351509580993,
0.10265529160256538,
0.102671168561325,
0.10265833150252651,
0.10266190067296363,
0.10266136921756144,
0.10266903559379555,
0.10267260134528253,
0.10267206800901997,
0.10267563199584988,
0.10268738902300341,
0.10269504677930938,
0.10271089744868445,
0.1026980676810178,
0.10270572049528442,
0.10271337147869775,
0.10269645455088985,
0.10265500826577967,
0.10264630333924056,
0.10265395106217771,
0.10266568453743705,
0.1026243011480074,
0.10264011300559059,
0.10263958785033715,
0.10263089864179609,
0.10264261995188005,
0.10262169306911013,
0.10262117207527673,
0.10262472928132886,
0.10263644130093577,
0.10263999523251426,
0.1026231656704859,
0.10263487083771816,
0.10262619846358458,
0.10263382490125637,
0.10264552364697244,
0.10261649243220726,
0.10262411488188508,
0.10263173551752176,
0.10261493626216768,
0.10259814899225113,
0.10261389984344345,
0.10256054815137533,
0.10256816426746926,
0.10256765585096905,
0.10255902784649791,
0.10255446289004531,
0.10256613180855904,
0.10257374033116382,
0.10258946410555676,
0.10254838773452482,
0.10255599264633206,
0.10256765037259592,
0.10258336133457198,
0.10259096029565802,
0.10255397317636834,
0.1025332201314984,
0.10254486584667627,
0.10252412622604645,
0.1025195825030089,
0.10249078036562999,
0.10247816572363622,
0.10246152026960446,
0.10245699761590447,
0.1024484409163433,
0.10245602977960727,
0.10246765267739331,
0.10246313178050365,
0.10241829165108912,
0.1024137863199103,
0.10242136942111371,
0.10242089323290526,
0.10242444501248599,
0.10242396838814949,
0.10243154522045092,
0.10241496531803265,
0.10243058966852023,
0.10241804003221434,
0.10240952025607289,
0.10241709045926682,
0.1023924947498577,
0.10240006279804541,
0.10239557378014087,
0.10241117498185243,
0.1023946341367746,
0.10240621261741807,
0.10240975667143781,
0.10236914816484098,
0.10236467292282977,
0.10237624150292868,
0.10237176599620047,
0.10238734063179335,
0.10238687317655812,
0.10233031364338961,
0.10230584185719035,
0.10232139714078971,
0.10233294874552672,
0.10232449023479502,
0.10233203667142327,
0.10232758115265102,
0.10229914246088333,
0.10231068226653905,
0.10232621730893182,
0.10233775364724723,
0.10232930472304118,
0.10232485506256223,
0.10232440133492067,
0.10233992310844832,
0.10232748697738846,
0.10233501745898602,
0.10231460717976718,
0.10232612552888647,
0.10230572826319995,
0.10228136141362583,
0.10227693266590054,
0.10229242545234989,
0.1023039320700333,
0.10231942199458607,
0.10231498607893148,
0.10229064087344063,
0.10226233781391639,
0.10226985392799487,
0.10227736828798693,
0.10229283755664029,
0.10230034806619091,
0.10231183527444537,
0.10231934210782122,
0.10233480433134393,
0.10233435052187603,
0.10232991974504965,
0.1023254910341344,
0.10233299015132384,
0.1023484392300072,
0.10235593450773982,
0.10234355280274936,
0.10234707149929141,
0.10235456257157831,
0.10236602550416335,
0.10234967694367372,
0.10234525033462008,
0.10234082578593177,
0.10233243500009694,
0.1023438863147283,
0.10233946465605799,
0.10234694470823077,
0.10235045633344314,
0.10235793307887547,
0.10234161647072496,
0.10234909076824758,
0.10234863593238716,
0.10234421881956678,
0.10233584270315252,
0.10234331159658662,
0.10235473946945804,
0.10235824418177246,
0.10233403592907006,
0.10234149925559272,
0.10235687631716324,
0.10232081779358056,
0.10230455695713485,
0.10231992118835596,
0.10230366694344141,
0.10230322219433557,
0.10231067698781923,
0.10230233321110832,
0.10230188897678816,
0.1023172355245133,
0.10231678851829704,
0.10230844888434613,
0.10231589502304325,
0.10231544853380632,
0.10233078213259818,
0.1023066694929952,
0.10231411009846048,
0.10231760648852756,
0.10232504382331979,
0.10231277320957462,
0.10230838836372037,
0.10231188280813876,
0.10228781435800735,
0.10230311892713524,
0.10231448525309271,
0.10230616837529573,
0.10228998827126075,
0.1022856154245401,
0.10229304015222865,
0.10226508616549154,
0.10227250898054056,
0.10227207252194288,
0.1022873494785765,
0.10228298227760603,
0.10225898700650635,
0.10224285796511963,
0.10225027337080592,
0.10223023376224903,
0.10223764692347516,
0.1022372179514215,
0.10222895145370565,
0.10224027902876526,
0.10225552382959968,
0.10226292896970626,
0.10225857742188847,
0.10223464756907875,
0.10222639125524054,
0.10222205209669084,
0.10223336459150671,
0.10224076235672325,
0.10224424589128896,
0.1022203522729446,
0.10223556634984989,
0.10223513890747787,
0.1022308030508669,
0.10223428451291068,
0.10217528313057428,
0.10219047800928137,
0.1021978651492295,
0.10219744554115198,
0.10220092771107336,
0.10221221202114868,
0.10214940972288444,
0.10212952547995348,
0.10214080103703986,
0.10209758235058775,
0.10209329346107693,
0.10209289482203729,
0.10210027229278139,
0.10209598507491101,
0.10209169981538227,
0.10210684582151762,
0.10210644492226895,
0.10210992941534598,
0.10211729792455343,
0.10212854996100512,
0.10213202989786797,
0.1021432782458209,
0.10211180596475888,
0.10209588234176373,
0.10210712317835496,
0.10211060240506088,
0.10207530332086506,
0.10208266094583562,
0.10206676662048547,
0.10207412186651992,
0.10206985524293764,
0.1020849538047087,
0.10208455833538818,
0.10209190737193469,
0.1020992547361235,
0.10209111418658881,
0.10209071781943628,
0.1020864522731149,
0.1020783206714283,
0.10205086446872574,
0.10205820536610305,
0.10206940947043565,
0.10204970002081874,
0.10202614502733688,
0.10204120239874387,
0.10202537869475595,
0.10203657129890513,
0.10204390326911078,
0.10203965898565244,
0.10205470389202881,
0.1020427445718929,
0.10202693768063925,
0.10201884761383166,
0.10202617217742697,
0.10203349508147197,
0.10204466932240829,
0.10205198874898533,
0.10205545384194334,
0.10203966112568162,
0.10205082731166161,
0.10204274100760133,
0.10200388334872848,
0.10201504212927183,
0.10199928395108256,
0.10200275072065113,
0.1020023734624296,
0.10201736706285672,
0.10202851600022601,
0.10203197679893034,
0.10202775215107412,
0.10203889526893462,
0.10203467033070451,
0.10201892863190773,
0.10203390468306082,
0.10202968341453321,
0.10202930168700984,
0.10204427058845655,
0.1020323751151554,
0.10203582908810648,
0.10204695400462398,
0.10200822828802765,
0.10202318110946218,
0.10203046638742276,
0.10199560703625134,
0.10201055022621036,
0.1020101728636048,
0.10202511214128863,
0.10200941856320006,
0.10200904162524152,
0.1020010126962099,
0.1020121139385302,
0.10198114445298297,
0.10198841807380199,
0.10197275980291137,
0.10198385193233547,
0.10196438268946274,
0.10197165165614994,
0.10198273763831421,
0.10198618469084034,
0.10197054475363512,
0.10198162459534814,
0.10197743812321104,
0.10194655846220012,
0.10191951853167112,
0.10193058852112807,
0.1019111850094345,
0.10188799043866366,
0.10190285895688223,
0.10188728555694525,
0.10186411897520106,
0.1018789767320359,
0.10189003115846036,
0.1018858773713369,
0.10190072932793644,
0.1019079769476099,
0.10191522294537791,
0.10192246732178485,
0.10193351108459343,
0.10194075206472902,
0.10193279033791214,
0.10194382839144939,
0.10191687934278422,
0.10191272605367553,
0.10191996126557291,
0.10190442504235159,
0.10191924644911483,
0.10191509556866614,
0.10188061533882699,
0.10187268703624495,
0.10188370492961675,
0.10189093207890969,
0.10189436894647803,
0.10187129504023192,
0.1018785187387354,
0.101874384648251,
0.10185890174376497,
0.1018623391573983,
0.10187334063608176,
0.10185408585586755,
0.10186130235492791,
0.10187229778627228,
0.10187951091897508,
0.10189428375294532,
0.10187881373221803,
0.10188602266194388,
0.10189700891946521,
0.10189287899293646,
0.10188875090359771,
0.10189217739394725,
0.10185785466871654,
0.1018650565814087,
0.1018684839169645,
0.10186813797189462,
0.101882880047396,
0.1018561356107852,
0.10185202316416585,
0.10185168057122773,
0.10182497272710464,
0.10182840028840287,
0.10182806232786824,
0.10180890966537942,
0.10180481406905215,
0.10181200243816842,
0.10180790751786671,
0.10180381441205251,
0.10181475806302731,
0.10180690648013141,
0.10180281586182717,
0.10177619565818839,
0.1017308436710844,
0.10171552820210433,
0.101718960148866,
0.10171864350581171,
0.1017258210082331,
0.10171051904770673,
0.10171394907859128,
0.1017248679196657,
0.10172829508015682,
0.10171674609454064,
0.10170894575154982,
0.10171611455478508,
0.10172702359713819,
0.10173418908729794,
0.10170768919688976,
0.1017223314890723,
0.10172949328236137,
0.10174039292080937,
0.10174755140667781,
0.1017621873908969,
0.10175064753752043,
0.10175780173759712,
0.10176495436096164,
0.10174594723604252,
0.10171948690657516,
0.10173037047910895,
0.1017449861465348,
0.10175586664954223,
0.10174807858099308,
0.10175895526494379,
0.1017437063385834,
0.10175831026200473,
0.10176544997891726,
0.1017613959200132,
0.10177226325531954,
0.10176447954266449,
0.10177534306810063,
0.10178993459502043,
0.10177469277119466,
0.10176318728600985,
0.10177031653332845,
0.10177744421461128,
0.10179202284417273,
0.10178051860120409,
0.10176157462454498,
0.10176869752894482,
0.10177581887013296,
0.10173828803304757,
0.10174912726408715,
0.10175252645236746,
0.10175964332048167,
0.10173330167485525,
0.10172183979403655,
0.10172895404670185,
0.10173606674090437,
0.1017394637413985,
0.10173543312834175,
0.10169800652939139,
0.10170882497765944,
0.10169367924012325,
0.1016785434398294,
0.10168194325491554,
0.10169275341192763,
0.10166281166335804,
0.10166250887703261,
0.10167701524062711,
0.10165450210225514,
0.10165790096271088,
0.10165759930129734,
0.10164990086042239,
0.10165699630768112,
0.1016677882254515,
0.10165269722368685,
0.10165609263938628,
0.10165209647225605,
0.10161855801195299,
0.10163303118926087,
0.10164011842272554,
0.10165089627867274,
0.10164690501697747,
0.1016539879082772,
0.10162786055205705,
0.10163494166107169,
0.10163833300070758,
0.10163803580822464,
0.10161930839392895,
0.10160796185849211,
0.1016113537909409,
0.10157424684335428,
0.10158132120926694,
0.10158839403763606,
0.10159914519079269,
0.10161357503757765,
0.10161328287674953,
0.1016056332929059,
0.10161269887237778,
0.1016124070287193,
0.10157168436092673,
0.10154936452551841,
0.10153440205309862,
0.10154880451087055,
0.10155953521152213,
0.10157393519940729,
0.10158466292033319,
0.10158804718975267,
0.10156574503819552,
0.10156913020711074,
0.10155417967833355,
0.10155023370810849,
0.10151698262955682,
0.10153135765949388,
0.1015200966514597,
0.1015161621806775,
0.10150125254564132,
0.10149366678077873,
0.10149339770495938,
0.10147850672621513,
0.1014745863416215,
0.10148162817073829,
0.1014411918170532,
0.10144093255859972,
0.10143337589698398,
0.1014404143214228,
0.10144015534259876,
0.1014544866147678,
0.1014542251622297,
0.10146855283734474,
0.10147558367332267,
0.10145344136828299,
0.10146776134954998,
0.10147843426087269,
0.10148545973811363,
0.10148883820333686,
0.101488570864233,
0.10149559222220228,
0.1014880364739459,
0.1014950553690974,
0.10150571597781806,
0.10150180324045001,
0.10146512920753904,
0.1014394034452471,
0.1014464180094277,
0.10145343106507285,
0.10145680649380902,
0.10146381667353484,
0.10147446118566028,
0.10148874039305612,
0.10149938197517153,
0.10150638557022336,
0.10150975159840249,
0.10151675232347833,
0.10152375154434277,
0.10150167349787904,
0.10148687577161875,
0.10149024097894341,
0.10150086760523068,
0.10151512441192781,
0.10150033082384077,
0.1015073220448084,
0.10151794174965582,
0.10153219029910786,
0.10152102807914351,
0.10150624475137135,
0.10148784539268044,
0.1014875796917692,
0.10149456279127904,
0.10150154439465085,
0.1014650511251093,
0.10147927410288896,
0.10147538936363798,
0.10144255630249104,
0.10144953376005135,
0.10145650972492111,
0.10146348419757928,
0.1014776920197501,
0.101473811772673,
0.10147354916878998,
0.10147690224653044,
0.10146218098274234,
0.10144746915448573,
0.10145804774705809,
0.10146140016732232,
0.10144669644287062,
0.10144643905563364,
0.10146062018537956,
0.1014278855557729,
0.10144205978057931,
0.1014418034098384,
0.10143433517587047,
0.10144489665345584,
0.10145906271659351,
0.10142276061741771,
0.10141890572001917,
0.10139704968668453,
0.10136801575613479,
0.10136777306675655,
0.10137112652322755,
0.10137807495166982,
0.1013778305818098,
0.10138118118473077,
0.1013701543860893,
0.10136272616115256,
0.10136966883427538,
0.10137661003135907,
0.1013763661807167,
0.101368941151469,
0.10137587873851221,
0.10138640508525594,
0.10140052054746011,
0.10140027261944803,
0.10139643546131927,
0.10141054457285453,
0.10141747332283353,
0.10141722252693784,
0.10142056008633042,
0.1014310732164653,
0.10144517361541047,
0.10144491802698831,
0.10141596987749474,
0.10139421462776767,
0.10140113433574217,
0.1014152193501652,
0.10141138647965943,
0.10139681082131063,
0.101407306693977,
0.10137842178647699,
0.10138891340027884,
0.10139224647526954,
0.10139200084684462,
0.10139890980295306,
0.10139150984991446,
0.10139126448131756,
0.10140532153121859,
0.10139077400363117,
0.10139767700089888,
0.10139743070118244,
0.10137932249370232,
0.10138622232399204,
0.10139312069603199,
0.10140358910237218,
0.10137835125952788,
0.10139238500941752,
0.1014028479397321,
0.1014061702539554,
0.10141306069298045,
0.10140210755941804,
0.10139472712242996,
0.10138378492430503,
0.10136928512418485,
0.10138329847257131,
0.1013937465947238,
0.10138993832258518,
0.1014039465129764,
0.10140369986472479,
0.10141770461851976,
0.10142458149624971,
0.10142076886601921,
0.1014205193938649,
0.10142739259441333,
0.10143426434703229,
0.10141621185265781,
0.10142308164733545,
0.10143350937834471,
0.10144037614694995,
0.10139032557813349,
0.10140074683122666,
0.1014076112679019,
0.101403810091309,
0.10139645716888897,
0.10140687141931076,
0.10140307239573298,
0.10140637861884162,
0.1014061323480484,
0.10140233547506083,
0.1013985401970909,
0.10140184462451216,
0.10141224646938382,
0.10141909744702444,
0.10141175235729405,
0.1014115054308852,
0.10141835289179595,
0.10141455823468727,
0.10142849649432623,
0.10142824677027429,
0.10141381660579157,
0.10142774758401342,
0.1014133226184029,
0.1014130757541353,
0.1014163712254842,
0.10141612390647645,
0.10143004312828482,
0.10142625211668384,
0.10143662611063592,
0.10142929442767142,
0.10139719862547751,
0.10141110394027664,
0.101400247615394,
0.1014141484594326,
0.10139975944358255,
0.10140658497899709,
0.101406339856752,
0.10141316280123369,
0.10141645033712564,
0.10140560500235138,
0.101398296968325,
0.10136275823659432,
0.10136252109906554,
0.10134465183432777,
0.10135146887447168,
0.10135123384866876,
0.10132633372155683,
0.10134019364146778,
0.1013082683253123,
0.1013221216490905,
0.10131837209706275,
0.10130758678173893,
0.10131439584671749,
0.1013176854568497,
0.10127175252008258,
0.10128207352405406,
0.10128536488057034,
0.10129568279187554,
0.10128843185877538,
0.10128469633662164,
0.10128447364315554,
0.10128776192869647,
0.10128402848775754,
0.10129433576490565,
0.10130113134323186,
0.10130441561141233,
0.10131471826228543,
0.10132150960389352,
0.1013142629564856,
0.10129299153583854,
0.10129627386165002,
0.10130306124214788,
0.10131335329030472,
0.10132715034692782,
0.10132692074805806,
0.1013337023646837,
0.10131594874543914,
0.10131572122616228,
0.10131899666361263,
0.10132577394430713,
0.10133254981938851,
0.10131131113837011,
0.10129708630546296,
0.10131085818897774,
0.10130013640209265,
0.10130690744609222,
0.10128919800493588,
0.10129946330267313,
0.10127128145861004,
0.10128154268071822,
0.10127433567277681,
0.10125316739351525,
0.101245971702828,
0.10125622512105599,
0.10125251968368279,
0.10125928095229891,
0.10126255231927243,
0.10127279929729079,
0.10127955637453287,
0.10128631205551633,
0.10125819721509836,
0.10125798069145915,
0.101271704152398,
0.10125754786767362,
0.10124340034739539,
0.10125363278361507,
0.10126734648255464,
0.10125668311299833,
0.1012703924635987,
0.10125625118149478,
0.10126647534926882,
0.10127321775288235,
0.10127647877403062,
0.10128669839033859,
0.1012934366250408,
0.10128973535523536,
0.10130342944479745,
0.1013101636416711,
0.10131689645107567,
0.10128537351341148,
0.10123651580373527,
0.10124672028535661,
0.101249978566897,
0.1012393506693865,
0.10121138392474684,
0.10122158068771737,
0.10123524473607566,
0.1012350331454804,
0.1012313541470432,
0.10124501224461836,
0.101244799068541,
0.10124805259283354,
0.10125477172740811,
0.10125455696852483,
0.1012508769828368,
0.10126452319433274,
0.1012643068553147,
0.1012779498058269,
0.10125348427586915,
0.10126365828217712,
0.10122882876724035,
0.1012009498266054,
0.10120765932733204,
0.1012143674529027,
0.10120033465944986,
0.1012070407867106,
0.10121374554021066,
0.10119281240934455,
0.10120642287937477,
0.1012062170508249,
0.10119220207739933,
0.10116439640622603,
0.10117454526857708,
0.101160551474974,
0.10116380118254469,
0.10117049733358321,
0.10117719211570896,
0.10117354499156887,
0.10116300849694349,
0.10116970016855942,
0.10117294564273675,
0.10116241469101554,
0.1011691030069942,
0.10117234690578687,
0.101161821491146,
0.10117538995390295,
0.10112015773996702,
0.10103754521217885,
0.1010408000407491,
0.10105091594370215,
0.10105759926664064,
0.10107114362830807,
0.1010812554105206,
0.10108450297856451,
0.10107402819960297,
0.10108070508796634,
0.10106337872903347,
0.10107348177794359,
0.10106987232743858,
0.10106626434540862,
0.10107293591199552,
0.10106932840753105,
0.10108284896036332,
0.10108266549194354,
0.10109618284397608,
0.10110284775279947,
0.10108211545951805,
0.10109562596311787,
0.10109544046187968,
0.1011021009328074,
0.10110533710242565,
0.10111199499009868,
0.10111180681298969,
0.10110477608405095,
0.10111143064977247,
0.10111808386474737,
0.1011281565549786,
0.10111428619739267,
0.10111751677965815,
0.10111732787910546,
0.10112055706728412,
0.10111011608063127,
0.10110309644069801,
0.10110291012886989,
0.10111638433346282,
0.10111619581553218,
0.10112966684115432,
0.10112606148599598,
0.1011326997417242,
0.10114275104231724,
0.101125491453352,
0.1011253015706983,
0.10112852347295086,
0.10105674750981747,
0.10105997539643755,
0.10105979680207579,
0.10106642855939485,
0.10107986994390067,
0.10107968805268742,
0.1010829108914226,
0.10108272854328389,
0.10108935396427188,
0.10109597804676847,
0.10109919706431902,
0.10109901206725348,
0.10111243878220771,
0.10109183896637002,
0.10110526050165705,
0.10111527915622319,
0.10112189460582309,
0.1011149040644391,
0.1011249180272738,
0.10113833167992198,
0.10111434189959158,
0.10111075635618141,
0.10112076353065717,
0.10109340096407397,
0.10107963799385462,
0.10108963919343195,
0.10109624456494368,
0.10108927342609221,
0.10105517438056734,
0.10106177768086284,
0.10107177001392127,
0.10107837053683734,
0.10109175065823676,
0.10107123099361284,
0.10107443973247959,
0.10108442418249167,
0.10109101878697481,
0.10110438906671583,
0.10108387918181361,
0.10109047052714451,
0.10109367410856349,
0.101083334728664,
0.10108992281806158,
0.10108297206367273,
0.10109294190503289,
0.10109952638361254,
0.10108581084472403,
0.101089011191221,
0.1010854476426218,
0.10109202802816195,
0.10108846494674714,
0.10106462988651747,
0.10103068673471093,
0.10102039112209622,
0.10102359443618815,
0.10098296089851638,
0.10098616696424102,
0.10096578872746076,
0.10097236352719449,
0.1009654666422104,
0.10096530568013204,
0.10095168252804214,
0.1009447952943529,
0.10095472949331023,
0.10095120691665695,
0.1009544114462748,
0.10096434103362702,
0.10092048537709938,
0.10092705091290381,
0.10093361513754598,
0.10094689720590438,
0.10094673965491423,
0.10096001863467714,
0.10096993694578002,
0.10095298285296123,
0.10095953968702709,
0.10096609521275711,
0.10096593459575388,
0.10096241751300676,
0.10096896970099889,
0.10098223337599097,
0.10093175438887873,
0.10093495192387532,
0.1009415007555253,
0.10091118819604654,
0.10091773569875699,
0.10093098126420949,
0.10092747755968874,
0.10091393123123621,
0.10092382200255419,
0.10090024371238622,
0.10089340471730951,
0.10089994530719128,
0.10090648459639064,
0.10090633439928422,
0.10088947045864874,
0.10088932315386781,
0.1008824941636174,
0.10087232880340324,
0.10086550714084763,
0.10085535132273382,
0.10086188357127496,
0.10086507765850108,
0.10082158266245682,
0.10083144618741426,
0.10082797600356971,
0.10082450719584937,
0.10083103408396253,
0.10082756570144866,
0.10076086418326759,
0.10075741324400588,
0.10076393815895854,
0.10077378693636468,
0.10078030915419767,
0.10078683008099236,
0.1007900249047517,
0.10079654336461237,
0.100796412023678,
0.10080957641510989,
0.1008094429515818,
0.10082260430919372,
0.10080917615649566,
0.10080904282489413,
0.10080226677429452,
0.10079217378415323,
0.10079536285342598,
0.10080187048227487,
0.10081169633007886,
0.10079497012689896,
0.10080479254785142,
0.10081793196517617,
0.10081779737712471,
0.10082429786603926,
0.10081752833385423,
0.10080413083159297,
0.10080399861889808,
0.10075748862123926,
0.10075736417552449,
0.10074400118251843,
0.1007571154067237,
0.10075699108359744,
0.10077010229717082,
0.10076666721389523,
0.10077646633944548,
0.10078957303960998,
0.10079936969617385,
0.1007926218881796,
0.10079910736261753,
0.10079897626039735,
0.10080215219566609,
0.10075244668120195,
0.10075892930319472,
0.1007422943942845,
0.10075207681342269,
0.10074865258915847,
0.10075183043684788,
0.10075830781073424,
0.10071860012113078,
0.10072177940719161,
0.10070188642201534,
0.10070506633512735,
0.1007016568260251,
0.10070154208434857,
0.1007146010825307,
0.10070460527391326,
0.10065184362287824,
0.10064844911226173,
0.1006516307099345,
0.1006318057891042,
0.10063498800215472,
0.1006151787608309,
0.10061836158652983,
0.10062482666362138,
0.10058534835564396,
0.10059837281724357,
0.10060483542281419,
0.10061457705035619,
0.1006079175970142,
0.10061437674168473,
0.10060444125841085,
0.10061745491275802,
0.10059769066657981,
0.10060414597208878,
0.10060732370516307,
0.1005843003857359,
0.10056456730065243,
0.10057101953830386,
0.10058401522669226,
0.10058064830928874,
0.10059036869582189,
0.10059681589774445,
0.10059017672785212,
0.10059989270211832,
0.1006030657195338,
0.10058008221893636,
0.10058979316619819,
0.10059623413968449,
0.10060267385760002,
0.1006156495183639,
0.10059594368575743,
0.10057951723130366,
0.10058595335097145,
0.10059565351468035,
0.10058902753663167,
0.10059872466778083,
0.10060515599396466,
0.1006115860681667,
0.10061475077452109,
0.10062117845500106,
0.10062107772390419,
0.10062750312130106,
0.10063066422399118,
0.1006370872306969,
0.10062719802926924,
0.10062057455806342,
0.10062699479934546,
0.10063341379254483,
0.10061375524283007,
0.10062017261201159,
0.10059727100564898,
0.10056137058547555,
0.10056778660282438,
0.10055468408881414,
0.10056109826496128,
0.10054800278042708,
0.10054791420859531,
0.10055107548602919,
0.10051850296402785,
0.10050543381723642,
0.10051184344372144,
0.1005020258599816,
0.10049870079566178,
0.10050510755724822,
0.1005017828619371,
0.10051467385166422,
0.10052107700001613,
0.10053072220160991,
0.10052739383578214,
0.10053055103126865,
0.1005369495460922,
0.10051741646383726,
0.10052057311392976,
0.10052696888144005,
0.10053660344521971,
0.10053003818208181,
0.10052995280359531,
0.10051691653649818,
0.10050065197443617,
0.10050057139178162,
0.10051343129838566,
0.10051981910938732,
0.10052944110973432,
0.10054229760391356,
0.10051310096347171,
0.10050008844007782,
0.10051293595536331,
0.10051285349110142,
0.10051923416978796,
0.10052561361773263,
0.10053199183529148,
0.10052544469975737,
0.1004769322178151,
0.10045427548678107,
0.10046710220067738,
0.10047670256648958,
0.10047985106963457,
0.10047654958843445,
0.10048614565116241,
0.10046995043867388,
0.10047954323106285,
0.10044403122645593,
0.10043108283521097,
0.100421359565503,
0.10042772695961424,
0.10038585311964648,
0.10038900539484848,
0.10039537080018568,
0.10040494902123982,
0.1004113118768305,
0.1004048194313327,
0.10041439336970609,
0.10042075287567792,
0.1003949914445173,
0.10040134955787589,
0.10040128539225247,
0.10039480203954414,
0.10038190505105384,
0.10038184403508492,
0.10038819751745291,
0.10039454978195933,
0.10038807352635866,
0.10038801156050904,
0.10039436080021714,
0.10040070882357637,
0.10039423491293314,
0.1004005809221341,
0.10037809294386038,
0.1003876401805797,
0.10038117414395305,
0.10036190870972371,
0.10036505077234541,
0.10036179334746506,
0.10036173569391105,
0.10036487627666864,
0.10036162044190974,
0.10034877609848546,
0.10034872056177449,
0.10033588563969499,
0.10033902621484393,
0.10031662185168096,
0.10031657148311354,
0.1003197124178848,
0.10032923512477535,
0.10030685088318998,
0.10031318061141759,
0.10030037666279938,
0.10030670459421234,
0.10031940758632744,
0.10031935683757288,
0.10028744302752148,
0.10030013815883503,
0.10030009050348518,
0.10031278281441024,
0.1003222887262451,
0.100334979123339,
0.10028716939821353,
0.1002998524535546,
0.10027117461425014,
0.10027431144655684,
0.1002806272097411,
0.10028694177142948,
0.10027418102286954,
0.10028049379585757,
0.10028044935274824,
0.10027405072314541,
0.10028353740634553,
0.10027078813599583,
0.10023900346634167,
0.10022627656376094,
0.10023892783113657,
0.10023571846672256,
0.10020398159421894,
0.10021028665391243,
0.10017857989474849,
0.10018805012563013,
0.100175358220509,
0.10017216597431726,
0.1001847961714024,
0.10019426062510858,
0.10018790165953483,
0.10019419928319939,
0.10019416862677001,
0.10020046406642148,
0.10020359527153927,
0.10020988842773053,
0.10020985531028606,
0.10020666046159428,
0.10021927402943635,
0.10022556272378819,
0.10022236591020202,
0.10022233084722244,
0.10023493795430535,
0.10022226075442552,
0.1002317040493041,
0.10021587381623938,
0.10022531394267888,
0.10023159453625952,
0.10022524296312631,
0.10023152158505662,
0.10023779902045701,
0.10021882527038302,
0.10022510113809877,
0.10023137582043977,
0.10023449426354637,
0.10022184112399503,
0.10020919514918918,
0.10020916225014546,
0.10022173646385381,
0.10022170159908175,
0.10023427304602128,
0.10024053956325561,
0.10024995676848344,
0.10025622082147853,
0.10025302927910229,
0.10024038839222588,
0.10025294977140253,
0.1002529100362871,
0.10025601960199161,
0.10026542696046865,
0.10025279090580791,
0.1002653436121273,
0.10027159834843086,
0.10027785190650362,
0.10028410428667849,
0.10028405969961864,
0.10028716242722864,
0.10028711737295448,
0.10029336554602074,
0.10028073587302583,
0.10027754692424694,
0.10028064784183377,
0.10027745990939445,
0.10028370350632455,
0.1002930896666301,
0.10029933081540221,
0.10029299782210176,
0.10028352574445089,
0.10029604799423568,
0.10029286016318732,
0.10030223781261256,
0.10030847282464024,
0.10026447160451323,
0.10027070586946657,
0.10027693896390406,
0.10026748424032912,
0.10025176312373923,
0.10022351782671898,
0.10020782224166758,
0.10020778977299358,
0.10021401902738507,
0.10022024711413799,
0.10021395218090672,
0.10022330839983135,
0.10019824235518161,
0.10020759517380243,
0.10020130771991698,
0.10020127631024636,
0.10018874105039854,
0.10018246183116822,
0.10015432339324407,
0.1001667887705953,
0.10017613043003881,
0.10016985865889576,
0.10016046863071962,
0.10017292682546854,
0.10014482146472117,
0.1001510362331252,
0.10015413118276222,
0.10016034372713545,
0.10012291702322976,
0.10012601316137464,
0.10013533904764868,
0.10012285967558825,
0.10013529695348584,
0.10012593479376235,
0.10012902824630404,
0.10013523386131534,
0.10008854644027776,
0.10009164194405182,
0.10007919377630087,
0.10008850519385742,
0.10005742399081216,
0.10006362606496066,
0.10006051108594126,
0.10007292135354444,
0.10004187150101577,
0.10004807021352478,
0.10004806276066296,
0.10004185202982345,
0.09999535265595712,
0.09998915854848452,
0.09998916022732551,
0.10000154849099553,
0.09999845179668994,
0.09999845203634619,
0.10000154777198224,
0.10001083373314967,
0.10001392736107458,
0.10002011543163074,
0.10002630235328702,
0.099998453472727,
0.10001082535607689,
0.10002010298915985,
0.10001700706566273,
0.10001082033604872,
0.10000154538008624,
0.10000463556716165,
0.09997374395724898,
0.09996448589472384,
0.0999521464626974,
0.09996449685874381,
0.09996450233821555,
0.09995216861335267,
0.09995834426153632,
0.09992443985258061,
0.09993369620526421,
0.09992138243591127,
0.09992755521987762,
0.099939888099385,
0.09993681712410041,
0.09993682685937043,
0.0999245213265762,
0.09993684632091311,
0.09994301292220494,
0.0999430216979534,
0.09993687549075457,
0.09992457941479782,
0.09989691831930704,
0.09990308139624325,
0.09990616972512344,
0.09989696587571316,
0.09990927124821233,
0.09991850291390525,
0.09990315588827571,
0.09990317077294315,
0.09990625624318053,
0.09989399130421422,
0.09989400758844222,
0.09990629944240488,
0.09990631383330005,
0.09990939664306885,
0.09991861554289574,
0.09992476469775369,
0.0999217082943154,
0.09992785546533225,
0.09991253241671398,
0.09992174433413635,
0.09993402175747626,
0.09994016477699873,
0.09994937330285504,
0.09993405211416653,
0.09993406222685661,
0.09990956329802725,
0.09989732902217387,
0.09989734475309114,
0.09990960486601602,
0.0998973762004687,
0.09990351186191475,
0.09989434840527339,
0.09988824763100286,
0.09989743903745771,
0.09987299741404373,
0.09988218553483177,
0.09987609184500773,
0.09987611079671464,
0.09987307509978133,
0.09986698671396028,
0.09987311390702154,
0.09987923997615372,
0.09988841844611222,
0.09988232956889832,
0.09988234754839793,
0.09989457440144234,
0.09986407855953817,
0.09985190161381437,
0.09983363604450618,
0.09984585094855085,
0.09983673344828112,
0.09984894490303484,
0.09985810841737486,
0.09986117679364159,
0.09986729105968851,
0.09987340420664094,
0.0998642858232056,
0.09987648861712996,
0.09988259868571515,
0.09987957133492889,
0.09987958969043881,
0.09988265236143072,
0.09987962638467751,
0.09988877546356253,
0.09988270598808781,
0.09989185237087021,
0.09989795452122394,
0.09988275956575361,
0.0998827774141002,
0.09987975463857897,
0.09989193467374925,
0.09989803217313224,
0.09990412855903702,
0.09991326445212045,
0.09992544013146883,
0.09992545147499582,
0.09993762456070956,
0.09990723985340856,
0.09989814068747435,
0.09989511924485857,
0.09987995562916926,
0.09986783538669543,
0.09987695766432228,
0.0998830444886614,
0.0998951988942724,
0.09990431784699969,
0.09990736663072694,
0.09989827986700472,
0.09989222992972177,
0.09988011957692833,
0.09986195597760956,
0.09986803585784276,
0.09988017412671207,
0.09986201877151218,
0.09986809588064952,
0.09987417188423814,
0.099862081508313,
0.09987421002379401,
0.09987422908490294,
0.09983492101955202,
0.09983796962309009,
0.09984706470223043,
0.09985313488879131,
0.09983804319857115,
0.09984713414357282,
0.09984413540547493,
0.09985020200033289,
0.09984418256357502,
0.09985326818642504,
0.09986537385227427,
0.0998382146151171,
0.0998171128005925,
0.09982015747555502,
0.09982923548879452,
0.09983529518427296,
0.0998323034853681,
0.09980217755696834,
0.09979015383686347,
0.09975705814006126,
0.09973903730408942,
0.09974208533807936,
0.09970303149072161,
0.09970908762039703,
0.09971814852216378,
0.09971518558145843,
0.09972724943867634,
0.09972428547752851,
0.09973334136824502,
0.09973939110916952,
0.09972441004171498,
0.09972445153810248,
0.09971248362963074,
0.09970052220499932,
0.09970356772048092,
0.09970961286730963,
0.09971865737884965,
0.09969770344858703,
0.09970074737965984,
0.09970079237396443,
0.0996948423853404,
0.09970088232199492,
0.09970991838636466,
0.09971295892757849,
0.09971000555947891,
0.09970106205591191,
0.09971308828168422,
0.09970414645501374,
0.09971017974862223,
0.09971321751925646,
0.09970427968836783,
0.09970133125215747,
0.09969539186411176,
0.09969543756470077,
0.09966558193242656,
0.09965965485704005,
0.09966867063462317,
0.09966573231604035,
0.09966876995248872,
0.09966583249666582,
0.09967185603620073,
0.0996719051970816,
0.09968389986666866,
0.09968096101133861,
0.09965414501953856,
0.09966016437863975,
0.09965723181008547,
0.09965430029481749,
0.09963944285692913,
0.09963949679137185,
0.09965147412980718,
0.0996515262551785,
0.09964561807497346,
0.09965163045916002,
0.09965764176471467,
0.09962790836683154,
0.09963689613436337,
0.09963992768672214,
0.09963700461586723,
0.09964598861786189,
0.09965794858773096,
0.09965799967144073,
0.09965209860690129,
0.09966107768338385,
0.09963732967180575,
0.09962549051789737,
0.09962257395611117,
0.09962263025222619,
0.09962862980805083,
0.09963165665031241,
0.09964062569899047,
0.0996377081687117,
0.09964370369266089,
0.09962296767655693,
0.0996111500126637,
0.0996141756915789,
0.09961423315807504,
0.09962615987250711,
0.09962324840290084,
0.09963220513125959,
0.09962929327517159,
0.0996263824593263,
0.09963236935716731,
0.09964428701126672,
0.0996265492255732,
0.09963846279737551,
0.09964741062528824,
0.09965932251297996,
0.09965640850203031,
0.09964756792124556,
0.0996416942953569,
0.09964174755838326,
0.09965365005277006,
0.0996448156459451,
0.09963302479682648,
0.09960052866837939,
0.09960946200792956,
0.09961543601241295,
0.09960070655642803,
0.09958303037497589,
0.09958604727073102,
0.09958610867984988,
0.09959798845885687,
0.09959804808590796,
0.09960401619529269,
0.09961589227187115,
0.09962481277712693,
0.0996189600723531,
0.09962492402117029,
0.0996043096166101,
0.09961322446318223,
0.09961623375661219,
0.09962514631146933,
0.09963110564600958,
0.09962820873635407,
0.09962531285636006,
0.09962831884615954,
0.09963427454580452,
0.09963432868965313,
0.09963143326573809,
0.09963443692927021,
0.0996344910250529,
0.09964633983929919,
0.09964639216440545,
0.09964349639798228,
0.0996494445841407,
0.09964654904686553,
0.09964365453712055,
0.09962897813779545,
0.09960253549845595,
0.09958788165260934,
0.09958794251871982,
0.09958212128818865,
0.09958218298318397,
0.09958518474778938,
0.09958524597422916,
0.09959118615050844,
0.09960300476689443,
0.09961188259079438,
0.09960606105315963,
0.09961199710841952,
0.09961793211287967,
0.09961504992551733,
0.09962098308434232,
0.09961810112210442,
0.09961815742529007,
0.09961234025617971,
0.09961239738847213,
0.09960658346471776,
0.09959783745562217,
0.09960083074339751,
0.09960088953034565,
0.09957748759697911,
0.0995863449676878,
0.09959813345502186,
0.09960405658016751,
0.09961291082230693,
0.09960710449254676,
0.09961595621017937,
0.09962187532184737,
0.09961899998528957,
0.0996219865562534,
0.09962790287235451,
0.09959866515737324,
0.09958701371232051,
0.09958414764962603,
0.09959006156423103,
0.09958719572211368,
0.09957848047351182,
0.09957561785048238,
0.09957275623614394,
0.09958451396943314,
0.09955826888363833,
0.099564177439946,
0.09955839849767463,
0.09955846327617315,
0.09952057706686997,
0.09953231978184697,
0.09954114318385059,
0.09954704701036368,
0.09955003151245108,
0.09954717976523689,
0.09952974612150423,
0.09951815345860367,
0.09952988386227501,
0.09950081246065787,
0.09948923590276457,
0.09947184386475692,
0.09945737227772009,
0.09944581730980129,
0.09944589833184696,
0.09940529245875769,
0.09941118887249244,
0.09941998918871536,
0.09943169366973952,
0.09941144684766258,
0.09942024329336857,
0.09942613495320006,
0.09943202558075019,
0.09944372253288754,
0.09944380374009139,
0.09944969127242471,
0.0994439660833905,
0.0994440472195065,
0.09944703015801222,
0.09945581605707367,
0.09943558854842709,
0.09942987124713842,
0.09942125748939458,
0.09941554561221962,
0.09939824865589439,
0.099404128848031,
0.09938973768915947,
0.09938982655929167,
0.09938412707656917,
0.09939289821945929,
0.09939009301445435,
0.09938728878927683,
0.09939894925268872,
0.0993903592370033,
0.09939333983153179,
0.0993992115560857,
0.0994050822557419,
0.09939360449052598,
0.09940236436870192,
0.09940823240327434,
0.09940253812271954,
0.09938529057009576,
0.09939115651200976,
0.09940279856439169,
0.09935669372522254,
0.0993481322318849,
0.09935976539248849,
0.09935985832692223,
0.09936571984266368,
0.09937734945354795,
0.09938609349375209,
0.09939195170442178,
0.09939492432926564,
0.09939501211426582,
0.0993806837135771,
0.09937212708263851,
0.09934341165045729,
0.09934638628425675,
0.09934648099578328,
0.09934945449803677,
0.09934954874038447,
0.09936115658182555,
0.09933247418948465,
0.09933832365673911,
0.09934417210777004,
0.09930689201117075,
0.09930699228866158,
0.09930996571527767,
0.09930144772428157,
0.0993072929471142,
0.09931888186721811,
0.09931610832381475,
0.09929037013484412,
0.09930195250964693,
0.0993106637570993,
0.09931650361978527,
0.09930512416752142,
0.09930235581297936,
0.09930819335923395,
0.09931116149436077,
0.09931126095557127,
0.09932283168974429,
0.09933153343054733,
0.09927430640716749,
0.09928300416925141,
0.09926878866982997,
0.09927748373977878,
0.0992489657061308,
0.0992519350235662,
0.09926062580170936,
0.09926645433714278,
0.09926369937032607,
0.09927524746768872,
0.09925533293963444,
0.09926401751379067,
0.09926698253143046,
0.09925565457765236,
0.09926147733325655,
0.0992701570529892,
0.09927597771796237,
0.09927893956621235,
0.099279043329352,
0.09929057602924035,
0.09929925032735226,
0.09931078145009281,
0.09926803664130919,
0.09925672470060526,
0.09921974911269811,
0.09919135917728338,
0.09916299369732819,
0.09916596086763038,
0.09915754122594256,
0.09915197084272001,
0.09915778297487697,
0.09915505888766156,
0.09912958687640708,
0.09914108318157702,
0.09912415246341079,
0.09913564496939639,
0.09914429458053234,
0.09914157554565127,
0.09911329484736925,
0.09911058277595566,
0.09911638764374812,
0.09912786950980251,
0.09913651139146248,
0.09913095766460979,
0.09913108206765249,
0.09914255858228718,
0.09913133076691902,
0.09911443654415657,
0.09911172776816238,
0.09910051623789844,
0.09911198181064192,
0.0991121087773981,
0.09910090195686044,
0.09906988041319598,
0.09907567467177164,
0.0990842987957315,
0.09909575303915547,
0.09910154408718878,
0.09910167240320485,
0.09908765116577907,
0.09908495239182881,
0.09908508299910078,
0.09909087016712576,
0.09908817192026143,
0.09907416653589923,
0.09907147237951248,
0.0990772565854215,
0.09908586586044124,
0.09909730045776706,
0.09908895193829396,
0.0991003835132091,
0.09909203643257265,
0.0990978150877243,
0.09909229519643188,
0.09910089625397188,
0.09911232064745024,
0.09910397584011169,
0.09911539721656387,
0.0991211702536784,
0.09911282628198738,
0.09911859773028237,
0.09912154562410126,
0.09913013766888285,
0.09913308374496434,
0.09911627840787807,
0.09910512313448762,
0.0991080700456634,
0.09910537768991168,
0.09911396185627125,
0.09911690675616103,
0.0991226698138695,
0.09910306889738596,
0.0990862973015219,
0.09909205871069496,
0.09910345121552691,
0.09910076285994346,
0.09907274611987561,
0.09907850459327834,
0.09907863541503996,
0.09907595349959546,
0.09908170941141406,
0.09909308959820605,
0.09907634681687263,
0.09908210024543533,
0.09909347557774972,
0.09909079303839662,
0.09909654360559944,
0.09907981114151626,
0.09908275089669251,
0.09908007200669039,
0.0990633546357569,
0.0990747169597438,
0.09907484805123047,
0.09908059329357265,
0.09906949735861884,
0.09906682337614522,
0.09907817787910111,
0.09908391974740538,
0.09908124407197158,
0.09907015582320224,
0.09907589544740529,
0.09908443828095151,
0.09907055045482197,
0.09905386867301193,
0.0990568038802551,
0.09905413621004114,
0.09903466990798977,
0.09902640986872784,
0.099020951358377,
0.09902108965575693,
0.09899326489982067,
0.09898222780593159,
0.0989935491156501,
0.09899928015921185,
0.09900780489181828,
0.09900235652701539,
0.09900249728402725,
0.09901381227161783,
0.09901115797491924,
0.09901129744291336,
0.09900864439524487,
0.09901436850491406,
0.09902567645690274,
0.09901743800837362,
0.09901478526829131,
0.09902608842722442,
0.09903180799639218,
0.09902915357409574,
0.09902929035348483,
0.09904058832645356,
0.0990407234719894,
0.09904643858191191,
0.09905773320750996,
0.09905507597414485,
0.09905241963870859,
0.0990441869958755,
0.09903038320269072,
0.09903051963584686,
0.09902786961353949,
0.09903079238700783,
0.09900307934588506,
0.09900321950259387,
0.09899779317712214,
0.0990062827666662,
0.09901198825067109,
0.09901490985230674,
0.09902061348658789,
0.09902909893074427,
0.09901532497085305,
0.09900433933912849,
0.09898502098746367,
0.09899350056852478,
0.09899086302965655,
0.09899378306692676,
0.09900225930031854,
0.09901351332388476,
0.09899420651731733,
0.0989999018136423,
0.09898060770924183,
0.09898075062739216,
0.09899199484080809,
0.0990004626189842,
0.09900615371676082,
0.0990173953266705,
0.09902308436234179,
0.09902877244124283,
0.09903445956361497,
0.0990429214018469,
0.09902363175368065,
0.09903486531538472,
0.09903500049020295,
0.09903236196104241,
0.09904359150294764,
0.09904927260252874,
0.09904940570356578,
0.09905231182720439,
0.09905799028596224,
0.0990581221222342,
0.09904716598340586,
0.09905838568410448,
0.0990640607730942,
0.09907250674985661,
0.09905878075045803,
0.09903952353656661,
0.09903965779946042,
0.09903702357824708,
0.09904823133149782,
0.09904559618797423,
0.09905126521259204,
0.09903202827092034,
0.09904046258921463,
0.09900464869543367,
0.09899926026211844,
0.0989911111731298,
0.09899401431541349,
0.09897758498040254,
0.09898324941770457,
0.09898615197958359,
0.09899457544867593,
0.09900575906739364,
0.09901141956803636,
0.09899499588798595,
0.09898134083973188,
0.09897320868801984,
0.09897059438075471,
0.09895971144874455,
0.09897088108732889,
0.09896826833377424,
0.09896014588582486,
0.09896580042592876,
0.0989714540216287,
0.09896884262673773,
0.09897449455243713,
0.09897188330388569,
0.09898304141567313,
0.09898869058383296,
0.09898607769231839,
0.09898621869307041,
0.09898911244907324,
0.09898099620480169,
0.09898388957618048,
0.09898953396250017,
0.098981421008018,
0.09898431312612024,
0.09898170401344762,
0.09899009543389779,
0.09899573569652605,
0.09900137501909749,
0.0989877671170108,
0.09898515916758062,
0.09898255208694808,
0.09899093647202521,
0.098996571967857,
0.09898297559418923,
0.09899135646600164,
0.09898875001733967,
0.09899987515778669,
0.09900001386943316,
0.099011136845901,
0.09901676628437504,
0.09898945092113835,
0.09897312952980142,
0.09897875760389098,
0.09898987099724259,
0.09899824033918501,
0.09895999224494884,
0.09896013624845959,
0.0989712418481647,
0.0989796059645285,
0.09899071010259038,
0.09897440865870369,
0.09898550925221099,
0.09897743154049454,
0.09898852928560557,
0.09899414751580723,
0.09899428666288544,
0.0989807349219301,
0.09898635100189454,
0.09896733345314293,
0.09897568460485755,
0.09897309026578027,
0.09896776154877224,
0.09896516945522872,
0.09897351588080074,
0.09893539166816255,
0.09893553865057779,
0.09890837830005106,
0.09891398843611575,
0.0989250576108405,
0.09892247623515128,
0.09891989571406895,
0.09892823151302813,
0.0989338372205288,
0.09890670453448774,
0.09890140184983529,
0.09890973246405976,
0.09891260904918756,
0.09890185595987709,
0.09886659413603625,
0.09887491909607943,
0.09888051994547183,
0.09886706220833391,
0.09887538370476413,
0.09888642651653842,
0.09888385791552552,
0.09888401150390114,
0.09889505043138443,
0.09890064530332007,
0.09890079654418138,
0.09889822698449816,
0.0989038194396688,
0.09890125001718945,
0.09890412089045333,
0.09890971086026976,
0.09891529990788986,
0.09889641713508239,
0.09890472329490016,
0.09887770100416227,
0.0988642761992392,
0.09886986254342721,
0.09883473558517136,
0.09883489549739945,
0.09884590577870483,
0.09884335167322969,
0.09884893468150201,
0.09885722908921296,
0.09886009794104333,
0.09886567819276612,
0.09887396963421158,
0.09887141231161636,
0.09887427842755481,
0.0988798552175165,
0.09887729783821574,
0.09888558386906639,
0.09889115804767061,
0.09888588930152248,
0.09889417213642654,
0.09888077592229817,
0.09887822049336384,
0.09888649966444332,
0.09889206918747176,
0.09888138888508564,
0.09889237256808006,
0.09890064756376381,
0.09888996865632828,
0.09890094849650302,
0.09889297883112795,
0.09889042426564146,
0.0988635275775769,
0.09886909075991084,
0.09887465302941216,
0.0988775105617916,
0.09883712985611019,
0.0988399896159259,
0.09878886355257588,
0.09879442404052265,
0.0987864972221843,
0.09877587783342659,
0.09877065396842723,
0.09876812681609211,
0.09877368399514384,
0.09876307499284029,
0.09877132454214452,
0.09875802647544,
0.09875819577159527,
0.09876913430475853,
0.0987746868568469,
0.09877485384101718,
0.09877771267390682,
0.09875097048367544,
0.09875921058007926,
0.09875668977162856,
0.0987434141559909,
0.09874896200601696,
0.09874644417525281,
0.0987519904187705,
0.09875753575656955,
0.09872546485846811,
0.0987310093440148,
0.09873655292469638,
0.09872598474444913,
0.09873152692616209,
0.09873438370875871,
0.09873455573527613,
0.09873204408626993,
0.098737583062686,
0.09874043778958382,
0.09874060890947872,
0.0987515113640995,
0.09875972993900534,
0.09874112199030378,
0.09874665616555545,
0.09874950781387896,
0.09873359303951244,
0.09873912512384804,
0.0987500169650249,
0.09874750654743326,
0.09875303599777473,
0.09875320517168867,
0.09875069518861654,
0.09875622227949055,
0.0987376442353324,
0.09874317013978334,
0.09873798647164875,
0.09873548107287587,
0.09870087646811797,
0.09870907440770492,
0.0986905358376102,
0.09870140421671249,
0.09870158003763929,
0.09870442822911449,
0.09870460359787214,
0.09871012276166372,
0.09870495419299836,
0.09870512941940547,
0.09867593556850918,
0.09868412155308819,
0.09868696839799326,
0.09868714592825949,
0.09868465521203683,
0.09866349545264125,
0.09865301214585838,
0.09866119074316748,
0.09866670268955921,
0.09865355787540346,
0.09866173312986995,
0.09864859391664754,
0.09865410316292507,
0.09864629587140486,
0.0986518036680657,
0.09866263613176611,
0.09863619808177415,
0.09863372132230959,
0.09863922642247366,
0.0986394099165307,
0.09865023395045913,
0.0986557363787129,
0.09865591760249134,
0.09865343918909811,
0.09865627990350014,
0.09866443848465654,
0.09867525571742382,
0.09868075300839521,
0.09868093075897008,
0.09867844970430144,
0.09865736563556297,
0.09864160799149153,
0.0986444465384253,
0.09864994010202846,
0.09865808848271128,
0.09865295851219873,
0.09865844961448929,
0.09866393983020061,
0.09863758019178782,
0.09864572266229138,
0.09865121095168296,
0.09864608682791723,
0.0986542262136836,
0.09866501754433137,
0.09864132991090027,
0.09865211723757945,
0.09865760088149532,
0.09864187746000189,
0.09864470980134052,
0.09865284138987011,
0.09864242456795262,
0.09863201278041053,
0.0986216060235951,
0.0986323799809419,
0.09862991639940419,
0.0986353938840957,
0.09864351746253237,
0.09863046773349787,
0.09863065141293706,
0.09863612590019714,
0.0986415995065238,
0.0986364916138201,
0.09863667439709371,
0.09863421303059952,
0.09864497192103042,
0.09864250968200153,
0.09861626458414263,
0.09858476040006962,
0.09858231033882649,
0.09858513927744388,
0.09859060672172179,
0.09859871247507261,
0.09860945676467833,
0.09860964284280534,
0.09862038511461108,
0.09861265335063614,
0.09861020077850159,
0.09862093872473617,
0.09862112316272352,
0.09862394522526377,
0.09861358075858657,
0.09859531414977078,
0.09860077244844775,
0.09860886530983148,
0.09860641609769785,
0.09860133320865117,
0.09860942279691695,
0.09861224271727952,
0.09862033042618834,
0.09861524697210464,
0.0986233325766781,
0.09862878352938034,
0.09863423360880072,
0.09862125115118188,
0.09862669994261233,
0.09863478040382742,
0.09863759490799429,
0.09862724956309449,
0.09857220940928664,
0.09858291229520216,
0.09859098604316355,
0.09858854576230525,
0.0985913615949465,
0.09859943231033702,
0.09856284713435182,
0.09857091485422799,
0.0985501071775686,
0.09853193669892057,
0.09852426512661512,
0.09852183978393049,
0.09852727925818511,
0.09853796112759249,
0.09853553424402442,
0.09853310813506576,
0.09852544243375128,
0.09853611838693808,
0.09854155310634564,
0.09854698695877591,
0.09855504007869514,
0.09855261234200348,
0.09854756620998499,
0.09853990354594853,
0.09854271557049298,
0.0985402914104318,
0.09853001712988169,
0.09852236368705442,
0.09852779142163044,
0.09853060249279902,
0.0985307975101862,
0.09853622284447866,
0.09853118738970637,
0.09853138225188054,
0.09852896311132923,
0.09853961348171532,
0.09853980716436121,
0.09855045555216636,
0.09855848926492236,
0.09854038790417732,
0.09854580643450826,
0.0985042197167424,
0.09848615286809796,
0.09848896187310457,
0.09848916195495293,
0.09849457809789876,
0.0984999933803768,
0.09850540780259204,
0.09851603764842932,
0.09851362619618016,
0.09852164590971055,
0.09851662674835585,
0.09852203712769758,
0.09852744664805578,
0.09850418589887715,
0.09850959440337491,
0.09852021317393776,
0.09852040883787964,
0.09851799949762695,
0.09851559092170832,
0.0985209955193698,
0.09850817267670027,
0.09851617932692942,
0.09852158173578723,
0.0985165713379919,
0.09852457500627419,
0.09853518075790196,
0.09853277162213916,
0.09853296536424978,
0.09853055727922053,
0.0985125450393971,
0.0985179417470603,
0.09852073738799963,
0.09852613245015636,
0.09853152665813465,
0.09853952003377442,
0.09852151778531014,
0.0985191143697335,
0.09850632143751731,
0.09849872807075354,
0.09849373377436317,
0.09846798308590096,
0.09845781038047702,
0.09846319975769388,
0.0984711815751702,
0.09845064304237366,
0.09844825543900289,
0.09845623363120698,
0.09846161944491966,
0.09847218749588767,
0.09847757148308486,
0.0984855462428126,
0.09849611199557912,
0.09847299127987269,
0.09847578216441563,
0.09843715085634669,
0.09844770704906612,
0.09844791105386971,
0.09845070237453843,
0.0984586678580345,
0.0984459361822314,
0.09845131290309869,
0.0984411729943399,
0.09844137768031828,
0.098451922950669,
0.09845988209498051,
0.09841615599616833,
0.09842152913544933,
0.09841140743267175,
0.09840903427199874,
0.09841440543482538,
0.09842235715316118,
0.09842772656342202,
0.09843825808735789,
0.09842297759658115,
0.09842834484657027,
0.0984233909544841,
0.09839780959742182,
0.09839801946478394,
0.0983801903963754,
0.09839070827168092,
0.09839091896987393,
0.0983937057352691,
0.09838618902399121,
0.09837610080998678,
0.09838661136045432,
0.09837652568647716,
0.09836129892889371,
0.09836408573184606,
0.09836429962997345,
0.09836965758887131,
0.0983750147072281,
0.09837008378318324,
0.09837801100495354,
0.09838079431252368,
0.09837072265701556,
0.09837864673834938,
0.09838914074441817,
0.09837907028382598,
0.09836900455738519,
0.0983589435617583,
0.09836429382661253,
0.09837221141671126,
0.09835445185368845,
0.0983444011011233,
0.09835488121485694,
0.09834739848957179,
0.09835274477325787,
0.09835809022026891,
0.09834804490397278,
0.09833544064548927,
0.09832796840994096,
0.09831537529477676,
0.09832327996143674,
0.0983183754282216,
0.09832371673808563,
0.09833161849936833,
0.09831903230426688,
0.09830901209336232,
0.09830923219096956,
0.0983196886673348,
0.09832502570376252,
0.09832524366598566,
0.09830755421420302,
0.09831800502126885,
0.09831822379459698,
0.0983005448138661,
0.09830587807002718,
0.09831121049415618,
0.09829354197262909,
0.09829887327970474,
0.0982965398058757,
0.09830697867806608,
0.09828421503812133,
0.09828188512135891,
0.09827700377838659,
0.09828233125170403,
0.09828765789507847,
0.09828532859126958,
0.0982906537567978,
0.09827557124135515,
0.0982732450279576,
0.09827091953873893,
0.09827369294821078,
0.09824079235645669,
0.09824866154185194,
0.09824634168470442,
0.09824147627872018,
0.09824934236954297,
0.09823684108250962,
0.09823706946801207,
0.09823475321513217,
0.09821717570594404,
0.09822757933168477,
0.09823543880998925,
0.09824075392561717,
0.098238438539496,
0.09824883838318471,
0.09825669431969664,
0.09826709288330378,
0.09826731712366879,
0.09826499851211655,
0.09824488792891602,
0.09825019722462916,
0.0982428011740519,
0.09824556867105383,
0.09825341624542669,
0.09825618221538542,
0.09825640760511316,
0.09825917262235548,
0.09826447669384748,
0.09823423795807122,
0.09824461695449438,
0.09824230605313118,
0.09823492194662156,
0.09821739747776588,
0.0982226983491875,
0.09823306960595775,
0.09823329762934094,
0.09824366700649108,
0.0982337534995936,
0.09824158528246875,
0.09824434669315411,
0.09824964206018548,
0.09824226558167726,
0.09824755960747399,
0.09825792059418963,
0.09826321286279768,
0.09826850431262328,
0.09827379494385644,
0.09828161860441133,
0.09827677317076314,
0.09828459486280626,
0.09827215214338174,
0.09827743922078926,
0.09828525785547726,
0.09827281977305805,
0.09827810475613996,
0.09827579546478837,
0.09826083598305892,
0.09826611917051759,
0.09827646127508399,
0.09827668309759456,
0.09827437557102599,
0.09828471426916989,
0.09828999343789807,
0.09829780116567811,
0.09830054933038299,
0.09829823906975547,
0.09830604396311111,
0.09830120497421586,
0.09829889550358094,
0.09829911420233213,
0.09829427869969279,
0.09830207837945527,
0.09829976996131752,
0.09827978262824548,
0.09828000359670644,
0.09827517562898938,
0.09828296967906816,
0.0982630018101755,
0.09826827045276576,
0.09824327272260648,
0.09825106180950303,
0.09824120280689151,
0.09823134835639806,
0.09823409466894084,
0.09823935986048242,
0.09823202861575149,
0.09823477380235107,
0.0982350000640886,
0.09823019056528816,
0.09823041734472905,
0.09823316121923407,
0.0982333875658156,
0.09822103254396189,
0.09820616893509686,
0.09819382752396923,
0.0981865185507506,
0.09819680313287858,
0.09818698261192216,
0.09819223929480701,
0.09820000767587345,
0.09820526268660534,
0.09821051689072513,
0.0982082336841836,
0.09821851060836648,
0.09821873841156989,
0.0981988776540669,
0.09820663914205004,
0.09820937871448474,
0.09819956810079351,
0.09818976199905464,
0.0981950104109449,
0.09818520836260074,
0.09819045551483264,
0.09819820970234067,
0.09820345518852867,
0.09818613497402381,
0.09819137937636413,
0.09817908048030421,
0.09814925830027678,
0.09812947071799252,
0.09812970919336537,
0.09813995588928977,
0.09811768004384008,
0.09811541941156234,
0.09811815969523616,
0.09811839942927755,
0.09811613955087951,
0.09812637719555221,
0.0981316148095317,
0.09811685914004507,
0.09812709285596058,
0.09812483291535651,
0.09811757817968919,
0.09812780796986166,
0.09813304147524085,
0.09813827418143874,
0.09813851106332624,
0.09813375399137482,
0.09812650242295512,
0.09811426318934933,
0.09811949293697314,
0.09812721701651558,
0.0980925391722052,
0.09809776738630444,
0.09809800907162006,
0.0981032358060295,
0.09810596918230205,
0.09809873375922375,
0.09805912743243758,
0.09806933143778322,
0.0980745554469646,
0.09808226827937201,
0.09808749064050662,
0.09809271220638809,
0.09809793297719803,
0.09809319614833234,
0.09808597267849668,
0.09808123977527805,
0.09808894581330763,
0.09807675241198321,
0.0980769962097684,
0.09808718579269607,
0.0980948880128782,
0.09809761599979722,
0.09808791292337714,
0.09808815517743795,
0.09808591226358926,
0.09805386378312674,
0.09806404234036896,
0.0980642874324273,
0.09802482570130708,
0.09802755601665,
0.09803524663790596,
0.09802309550611538,
0.09800599339967378,
0.09799881167591622,
0.09800154213699738,
0.09798693339062085,
0.09799214041117528,
0.09799487030462305,
0.09800255208399136,
0.09801270956249289,
0.09801791331371038,
0.09800330887460376,
0.09800851149809943,
0.09801371333324915,
0.09801643918637391,
0.09799442123464892,
0.0980045689187313,
0.09800482073673981,
0.09799518035806659,
0.09799048856483292,
0.09799568612116702,
0.0980033550698132,
0.09799372012963267,
0.09799644428753357,
0.09799669688220981,
0.09799200836978307,
0.0979996722840541,
0.09799745428423799,
0.09800017641795934,
0.09800042838963297,
0.09799821111377065,
0.09799352587759626,
0.09800118392382584,
0.09801130996612048,
0.09800909193940387,
0.09800687458292938,
0.09801452906442394,
0.09801971472813566,
0.0980100942719412,
0.09798568211270618,
0.09798347024266288,
0.09794922734531189,
0.097954411154557,
0.09795220555883795,
0.09795246295202302,
0.09796256960068375,
0.09795297754432702,
0.09795323474349471,
0.09795103076594515,
0.09795374894798327,
0.09796138821549244,
0.0979641049471873,
0.09796928177628192,
0.09797691853675077,
0.09798701543330027,
0.09797004657468898,
0.09796784194605179,
0.09795826169889693,
0.09796589326272728,
0.09797598283412595,
0.09798361293398748,
0.09799370130114556,
0.09793497749413844,
0.09793278090486279,
0.09793549519285007,
0.0979185724489668,
0.09791883324353785,
0.09792890882437698,
0.09793652981194483,
0.09794169600240532,
0.09794686141627729,
0.09794466502173069,
0.0979547361697331,
0.09796235300011272,
0.09795770150636732,
0.09796286326017004,
0.09796802423847858,
0.0979609207775789,
0.09795872392085206,
0.09796878715442474,
0.09797639756216601,
0.09794968663605999,
0.09795729457238282,
0.09794040041517126,
0.09794555662536106,
0.09795071206191626,
0.09795341743033242,
0.09795367326274736,
0.09796372454655683,
0.09794928831181815,
0.09793975436974475,
0.09793756480243844,
0.09792559103795381,
0.09793074166115114,
0.09790654998938919,
0.09791414412502653,
0.09788996892976129,
0.09789511772118732,
0.09790515165504249,
0.0979127418811523,
0.09790811680616712,
0.09791326256969304,
0.09792085011911146,
0.09791622501278198,
0.09790916004837483,
0.09791918612624519,
0.0979170042756884,
0.09791726390048734,
0.09792728677726123,
0.09793242687471179,
0.09793024385988959,
0.0979280614978259,
0.09792831960933315,
0.0979334570684737,
0.09793615404735512,
0.09792177713581292,
0.09792447427070235,
0.09792229456360717,
0.09792011550764865,
0.09792524923145855,
0.09791819618481142,
0.09792332864661747,
0.09791384179033924,
0.09790192396184412,
0.09788757786370587,
0.09787810608226534,
0.0978881030217902,
0.09787376818978265,
0.09788376225566339,
0.09787672849706171,
0.09788672025443838,
0.09787239327810415,
0.09786779589454468,
0.09786806064293431,
0.09785617637200988,
0.09785644246403614,
0.09782999789079269,
0.09783754947086337,
0.09784024512783615,
0.09784051301770011,
0.09784563483696529,
0.09785561026429697,
0.0978413162887007,
0.09784643614317418,
0.09784427723165032,
0.0978542474991013,
0.09785936512264957,
0.09786690794610875,
0.09787687616970117,
0.09788441756416771,
0.09787982800708789,
0.09787766530794295,
0.09786095594337169,
0.09786122085031022,
0.0978711810672578,
0.0978690209383242,
0.09786201517758768,
0.09787197167580683,
0.097879504351163,
0.09788461300424563,
0.09788002920683637,
0.09788513655657168,
0.09788539823556341,
0.09788323786666007,
0.09789318718840077,
0.09788618288414204,
0.09788160221609389,
0.09785282519747333,
0.0978506717423278,
0.09786061227768783,
0.09786571425040473,
0.09787081546655463,
0.09787591592630578,
0.09788343444577613,
0.09787160451125962,
0.09787186739621803,
0.09785279482398844,
0.0978506438192121,
0.09784849345166825,
0.09785600552970364,
0.0978659326824572,
0.09787344334324821,
0.09787612148437018,
0.09787638355893931,
0.09788630726898066,
0.09789381470011228,
0.09790373724537009,
0.09788950426169654,
0.0978945940278994,
0.0978996830408347,
0.09789511325943007,
0.09790261525751841,
0.09789321860476584,
0.09789106506760671,
0.09787202582648447,
0.09787711149168957,
0.09787737301812179,
0.09788004582353013,
0.0978730741283545,
0.09788297885441939,
0.09789047202689556,
0.09787867968432587,
0.09787894082454175,
0.09788402122133458,
0.09784574500805847,
0.09785564017076141,
0.09785590395236982,
0.0978609822999053,
0.09786365257603896,
0.09784706938313804,
0.09784492826672239,
0.09785000430244994,
0.09785748528019864,
0.0978625597659755,
0.09786041710191591,
0.09787030095977782,
0.09784892077492906,
0.0978515888906632,
0.0978494491593078,
0.09784010118002431,
0.09783075733208932,
0.09783582730810307,
0.09779288176765756,
0.09779555184808077,
0.09779582224293792,
0.09780089043700096,
0.09779636283370326,
0.09780382827923631,
0.09781369170968572,
0.09781875697347932,
0.09782622022240477,
0.09783128394365506,
0.09779318964355295,
0.0977958563569757,
0.09779612637665536,
0.09779879221431459,
0.09779906181488604,
0.09780891376501856,
0.09779960081795584,
0.09780705513584993,
0.09781211356930347,
0.0978099866567102,
0.09780786036890614,
0.09781770559220591,
0.09782515573941034,
0.09781345210273226,
0.0978137196129048,
0.097811594025615,
0.09780946906226685,
0.09781212929105162,
0.09781957369791985,
0.09780070661010526,
0.09779141254262562,
0.0977773433204218,
0.0977800041540924,
0.09778505369381696,
0.09777815778866238,
0.09777365265073336,
0.0977667614989194,
0.0977765839244942,
0.09776730672981848,
0.09776757924544423,
0.09777739805446047,
0.09778244260834544,
0.0977874864234895,
0.09778775639695923,
0.09778325423646102,
0.09779068207048834,
0.09780049528503287,
0.09777691060083167,
0.09778433548355628,
0.0977941445451109,
0.09780156804409057,
0.09780422087026493,
0.09780448854701271,
0.09780952497044017,
0.09781932983093407,
0.09781721124666366,
0.09781032570948128,
0.09781535949703313,
0.09776083965468957,
0.09776111226092356,
0.09777090612483412,
0.09776879724416637,
0.09776906880225893,
0.09777171994986066,
0.09776961172018545,
0.09777464137536654,
0.09778204956626477,
0.09777756152152493,
0.09777783183526521,
0.09778761600116762,
0.09779502085791081,
0.0977976675463025,
0.09780269221883094,
0.09781009472161087,
0.09779847072124093,
0.09780349350286263,
0.09780138309896814,
0.09778739018966963,
0.09779241133803929,
0.09776655048033131,
0.09776682169789554,
0.09777659044820342,
0.09777686040723158,
0.09777475629150328,
0.09777027929163581,
0.09777529644508635,
0.09775421312529574,
0.0977236620299065,
0.09772867831633582,
0.09773369387284919,
0.09774344921245044,
0.09774135276359977,
0.09774873616448652,
0.09775374880292874,
0.09775876071225106,
0.09776140206285527,
0.09774745846914418,
0.09775720638305606,
0.09774800421567796,
0.09774827698978912,
0.09775802134179576,
0.09776302881296402,
0.09777040365261411,
0.09775883570849124,
0.09775910703260252,
0.09776174508830757,
0.09776911624078535,
0.09777411975453588,
0.09776965619062603,
0.09776046266832827,
0.09776546450996286,
0.09772790481142456,
0.09771400249029871,
0.09772372858817983,
0.09773109142118051,
0.0977408164005367,
0.09771983034667762,
0.09772955207288633,
0.0977369114217706,
0.0977277394571218,
0.09773273581600976,
0.0977377314507265,
0.09774272636142949,
0.097740638320996,
0.09775035320541461,
0.09773410432536185,
0.09773437782901011,
0.09770399237479338,
0.09770898430431059,
0.09771869081082385,
0.09771660856663812,
0.0977168839627079,
0.09769830839532669,
0.09768209924906283,
0.09767296128029308,
0.0976661807053267,
0.0976711685119815,
0.0976761555975858,
0.09767172952073522,
0.09765554445073271,
0.0976534752404917,
0.09766081167306744,
0.09766344452335954,
0.09766842808478882,
0.09766635776095511,
0.09767369092462662,
0.0976763215845778,
0.0976695501521951,
0.09765808244223391,
0.09762314101253952,
0.09760465367835294,
0.09761197976131816,
0.09760992081135318,
0.09761959120894967,
0.09762456894998017,
0.09763189196333097,
0.09764156043876827,
0.09764184375863436,
0.09763743589127641,
0.09763771962482136,
0.09764738378027837,
0.09765470200425108,
0.09763622612516357,
0.09763416595647634,
0.09761336229136419,
0.09762301868228122,
0.09761627697733843,
0.09759783169231138,
0.09760280132871242,
0.09760308876605235,
0.09761273845637343,
0.09761770594794202,
0.09761799153649736,
0.09762295769751747,
0.09762558281693855,
0.09763054759878712,
0.09763551166664669,
0.0976404750206713,
0.0976407577373321,
0.09763870086616909,
0.09764366232614972,
0.0976322502604884,
0.0975974717789722,
0.09758607896406046,
0.09759337489977382,
0.09760300611514666,
0.09759628614843442,
0.09759423861420488,
0.09759919614340228,
0.09759714863232427,
0.09759977038162096,
0.0976070604274046,
0.09759801049749518,
0.0976076326203656,
0.09760558497603194,
0.09760587117363709,
0.09758749656466202,
0.09758545298144586,
0.09757874744675514,
0.09758836106499122,
0.09757932574608597,
0.09756330511813374,
0.09756126675659221,
0.09756854506606825,
0.09756417753696697,
0.09755049932588024,
0.09753915522526929,
0.09753944873155779,
0.0975350894975971,
0.09753305750634919,
0.09754032883049372,
0.09753132040385738,
0.09752928977509744,
0.09753190880814196,
0.09753220290511314,
0.09753017287598442,
0.09753511478573726,
0.09751217711298217,
0.09750782896538585,
0.09751509162132235,
0.09749913701777148,
0.09750407655593511,
0.09748117124941996,
0.0974861099544335,
0.09749104795441298,
0.09750062454646032,
0.09750556104059857,
0.09749194306032893,
0.09746674433256856,
0.09747167972232458,
0.09747893166609217,
0.09748386560015214,
0.09748879883056226,
0.09747751387189145,
0.09747086565532971,
0.09748042907544457,
0.09748072834388474,
0.09748334303257758,
0.09748132666753749,
0.09748162572280072,
0.09749118411835248,
0.09749611179047596,
0.09749640902669784,
0.09749902073664345,
0.09749237506378838,
0.09746260335235293,
0.09746521641144863,
0.09747014102214367,
0.09747737704140327,
0.09748692465517855,
0.09746641848554187,
0.09747596296340205,
0.09745546772224659,
0.09745345957411511,
0.09746299960896304,
0.09746330019786495,
0.0974682194604713,
0.09746390116203314,
0.09746420153735003,
0.09746911898812131,
0.09747403574008502,
0.0974789517933901,
0.09748155866298827,
0.09748647336703645,
0.0974936957628423,
0.09748937630946604,
0.09748044355554504,
0.09748766315988781,
0.0974925747553515,
0.09749056447510086,
0.0975000887332442,
0.09750038446523843,
0.09749145486156284,
0.09749405740370629,
0.09747130241520766,
0.0974370487657895,
0.09744656213444246,
0.09743765431369537,
0.09744486314720092,
0.09744976907357752,
0.09744546667768947,
0.09743656350733844,
0.09744146782058397,
0.09744867238875574,
0.09744667288373686,
0.09745157520745051,
0.09744957571608974,
0.09745447679290038,
0.09745017757902562,
0.09745047840398297,
0.0974323893993183,
0.09743728845541495,
0.0974306972137391,
0.09744019054132129,
0.09743360015089535,
0.0974109384022532,
0.09742042682567553,
0.09742073077330946,
0.09743021762439467,
0.0973938030690236,
0.09739869758240205,
0.09737836533367865,
0.09737408928802627,
0.09737898242847223,
0.09737929086694047,
0.09738876663646312,
0.09738678212987258,
0.09737792469032691,
0.09737594241422708,
0.09738083197102097,
0.0973811399743641,
0.0973791578972122,
0.09737717637930426,
0.09736603942125739,
0.09737092622844853,
0.09737810109177233,
0.09738756419446958,
0.09738787116787892,
0.09739275517277844,
0.09739077313471411,
0.09738879165540977,
0.09738452323628548,
0.09738254324264024,
0.09735541652483186,
0.09736029765607578,
0.09736974918134764,
0.09736777252297185,
0.09736808138648018,
0.09737295990801254,
0.0973755528702324,
0.09738043006463874,
0.09738759135218834,
0.09738561324904116,
0.09735395148715664,
0.09735882677045356,
0.09735913635671,
0.09735031817276253,
0.09735975531154419,
0.09733953444781575,
0.09734896852266205,
0.09735384038702574,
0.09735186985394877,
0.09732938380302303,
0.09732286045395484,
0.09733228763066407,
0.09733259986657147,
0.09733519023488243,
0.09734233654375021,
0.09735176061694732,
0.09734523628450081,
0.09733643711909414,
0.09731853636289219,
0.09732567793538127,
0.09733054266103855,
0.09733313067776596,
0.097324340436475,
0.09731100489651869,
0.09731586758124262,
0.09730481208453567,
0.09731194729033539,
0.09731680820493652,
0.09731484833973768,
0.09732425456371685,
0.09732911348056104,
0.09732715234881303,
0.09733428301203835,
0.0973255040216668,
0.09733036058225454,
0.09733976117382016,
0.09732644034962831,
0.09732448105667246,
0.09732706420412783,
0.09733191782260228,
0.09732541728389302,
0.09731664936852048,
0.09729427262447395,
0.09729231988623781,
0.09727676334525794,
0.09728614875493771,
0.09728646494774494,
0.0972958488191912,
0.09730069783426727,
0.09730554617149913,
0.09731266089671159,
0.09731750783315668,
0.09728836055839514,
0.09728414607173207,
0.09728899184020301,
0.09727572121818669,
0.09728509420129636,
0.0972311055808166,
0.09723368876382284,
0.09723174942739882,
0.09723659276654614,
0.09723691399211876,
0.09724627741807995,
0.09721270143721898,
0.09721528398991601,
0.09722012476330982,
0.09720012541951667,
0.09720948056623274,
0.09721657744696169,
0.09721238578444462,
0.09721722372499622,
0.09722206099160698,
0.09721335639094254,
0.09721367977625883,
0.09721625918147113,
0.09722335031270668,
0.09721916075965521,
0.09722625027551884,
0.09722882761660616,
0.0972066002620624,
0.09721368690792297,
0.09721851847557653,
0.09722109509952816,
0.09722592536777065,
0.09723075496412384,
0.09722206126067658,
0.0972291432478474,
0.09723847820796588,
0.09724555894179404,
0.09724137131999397,
0.0972394379250026,
0.09723074784864665,
0.09723106854581881,
0.09724039697520642,
0.09724747270053383,
0.09724553948754762,
0.09725486563777194,
0.09725518343154166,
0.09725775272314763,
0.09725807011655227,
0.09725388541075995,
0.09725420316350972,
0.09724552006570956,
0.09724358900211676,
0.09724615722695781,
0.09725097436016053,
0.0972512922511188,
0.09724711241632078,
0.09724743066554144,
0.09724999711012727,
0.09723682841987265,
0.097246137311777,
0.0972509504385306,
0.09723778606993912,
0.0972358587550391,
0.09724067037041315,
0.09724323512767505,
0.09724130763634684,
0.09722142057326237,
0.09723071950501565,
0.09718841215085894,
0.09718649424955876,
0.09719354503823838,
0.09718490156958172,
0.09718746756766107,
0.09718779185739487,
0.09718363441430432,
0.09718395905617097,
0.09717980338146992,
0.09718684814050778,
0.09718493253286935,
0.09716286731249928,
0.09714752927899398,
0.09715233236990892,
0.09715489746807751,
0.09715969927582117,
0.09716673766132096,
0.09716930090135721,
0.09712043992959286,
0.09712747477768703,
0.09713674377940618,
0.09713707312023373,
0.09713516808317328,
0.09713773157465012,
0.09713806068829123,
0.09713615617203757,
0.09713425218120998,
0.09712565077978647,
0.09713491087538643,
0.09711961579558119,
0.09712664146781402,
0.09712920309251112,
0.09711614659301031,
0.0971142473272625,
0.09710342927338898,
0.09711045036564225,
0.09710855266933734,
0.09711780167812582,
0.0971159032743048,
0.09710954801546776,
0.09711879381762688,
0.09709907202422602,
0.09710831488512406,
0.09711310172388085,
0.09709784316198644,
0.09709817589800622,
0.09710741432878943,
0.09708771246174829,
0.0970969479559442,
0.09710395727563405,
0.09709316314722091,
0.0971001707129845,
0.0970982782124569,
0.09710305959976633,
0.09709894288364848,
0.09710594729548656,
0.09711072684172554,
0.09710661002782325,
0.09709360226193066,
0.0970783790897543,
0.09706760637506721,
0.09707460500875216,
0.09707049793527871,
0.09707527422878516,
0.09708004986675511,
0.09708038379287079,
0.0970585209150252,
0.09706107611938593,
0.09706141203095175,
0.09705287456147367,
0.09706208362377301,
0.097066855582344,
0.09707162688664694,
0.09706530803413335,
0.09707451365645811,
0.09707928312791986,
0.09708405194567862,
0.09709103783820826,
0.09710024098036753,
0.09708505075185823,
0.09709203420598947,
0.09710123417324093,
0.09708604887402554,
0.09708638142953334,
0.09709114562530669,
0.0971003412034554,
0.09710067205988065,
0.09710986616158734,
0.09711462766260881,
0.09710166417629547,
0.0971042096739242,
0.09711118460819088,
0.09711372888893957,
0.09711848751952747,
0.0971254603710334,
0.09711693019756268,
0.09712611575335439,
0.09711758738987224,
0.09712455694471354,
0.09712709826668642,
0.09712078571672725,
0.09710341371179934,
0.09711037962572754,
0.09711513274033917,
0.09711767318445297,
0.09710473284528594,
0.09709400931100816,
0.09708771011391959,
0.09709025114648884,
0.09709721100124032,
0.09710196047196969,
0.09708682644947732,
0.09709157500824642,
0.09708748905391727,
0.097085612271585,
0.09707932104730613,
0.09708848239560715,
0.09708660611778613,
0.09709355854371028,
0.09708947505994932,
0.0970898057976614,
0.09709896253536811,
0.0971059120297249,
0.09710403435621855,
0.09709553937548986,
0.09707161430242196,
0.09707194677505421,
0.09706787145403153,
0.09705278209653075,
0.09705091400106662,
0.09701822636073903,
0.09702076505211109,
0.09699470587568444,
0.0969928476701087,
0.09698879155003003,
0.09699572760961458,
0.09698727608515846,
0.09699640837969205,
0.09697697334888832,
0.0969751191945731,
0.09696448183331258,
0.09696921666081719,
0.09696955975412341,
0.09697868438628465,
0.09694610710689192,
0.09693767888050499,
0.09693363947925032,
0.09693179376406591,
0.09693871781243285,
0.096910572781841,
0.0969153036656908,
0.0969244159102983,
0.09691162012814573,
0.09691634933728065,
0.09691231796459278,
0.09691266676456967,
0.09689769275074255,
0.09686304168689115,
0.09687214276845278,
0.09686593609985666,
0.0968750352672979,
0.09684915898604515,
0.09685169936041331,
0.09685642419662294,
0.09686333337092973,
0.09687242705525416,
0.09687933504009383,
0.09687531714797984,
0.09684291205013469,
0.09684545075454473,
0.09684362357872911,
0.09684834416938037,
0.09683342533034436,
0.09682505715798129,
0.09683195747412521,
0.09683667608869469,
0.09684575624148377,
0.09685047349871069,
0.09685737127157672,
0.09686644973145823,
0.09687334631883536,
0.09688242380571725,
0.09686750785092804,
0.09686786039863594,
0.09687039308583067,
0.09687510549472808,
0.09687981726733653,
0.09688016831115061,
0.0968761600503954,
0.09688087016186181,
0.09687468370089632,
0.09686632110370262,
0.09686231745567785,
0.09685396036821814,
0.09683907723079344,
0.09684596109981235,
0.09685066795501275,
0.09685537417564516,
0.0968579035465136,
0.09686478471371923,
0.09685425815073954,
0.09685461140245477,
0.09685931482084507,
0.0968574925058101,
0.09686654466661428,
0.0968647216640661,
0.09687159742723406,
0.09686759969023917,
0.0968722995948691,
0.09687699886660757,
0.09688169750558243,
0.096888569729475,
0.09688457094135992,
0.09687840005384003,
0.09685050847077555,
0.09684651861484479,
0.096851214563553,
0.09685808122134666,
0.09685409125040627,
0.0968609563940783,
0.09686564989858466,
0.09685080830373848,
0.09685333094355263,
0.09686019289146774,
0.09684969706471952,
0.09685004983035285,
0.09684606513877538,
0.09684424990764477,
0.09681859382518491,
0.09682111646954829,
0.09682147212494825,
0.09682616040363812,
0.09683084805297953,
0.09683553507309925,
0.09683155693243711,
0.09683840880369504,
0.09683443101385425,
0.09683261965721185,
0.09683730393855716,
0.09683765747437374,
0.0968293527945729,
0.09682537908839996,
0.0968257337906839,
0.09682392501647806,
0.09682860621767446,
0.09683761352084985,
0.09684229338635272,
0.09684697262461886,
0.09682786034099664,
0.09683686343691034,
0.09684370359619056,
0.09682892254802379,
0.0968335993392636,
0.09684259868971752,
0.09684943584478198,
0.09685194897947796,
0.09684581655081616,
0.09685049033280153,
0.09684003881632516,
0.0968468719676099,
0.09685586499960963,
0.09685621563751129,
0.09686520725764182,
0.09686555680690448,
0.09686806631805461,
0.09681013448018451,
0.09681480408649829,
0.09681731594015618,
0.09681551365018545,
0.09682233830457881,
0.09681837923315924,
0.09681657740315558,
0.09681693182956835,
0.0968259093085136,
0.09682410695401467,
0.09682877146896114,
0.09682912441985998,
0.096820857489401,
0.09680613187082132,
0.09681079457601477,
0.09681976440227366,
0.09682011811943186,
0.09682262531000811,
0.09682728556654026,
0.09682117879896374,
0.09681076935048188,
0.09681758056089726,
0.09681363014992721,
0.09681828789882534,
0.09682294502661436,
0.09682114643170632,
0.09682580243758819,
0.09683260934774639,
0.09683726407234189,
0.09684622135326987,
0.09685302644879643,
0.09685552754051382,
0.09684297025085227,
0.09684762211439167,
0.09685012268644454,
0.09685692398219183,
0.09686587545657412,
0.09685977200324124,
0.09685152096951402,
0.09684757159818466,
0.09685221964561119,
0.09683967653551342,
0.09683573084302874,
0.09683608175396183,
0.0968321376695089,
0.09683893071370758,
0.09684357572868277,
0.096852514994623,
0.09685930623150006,
0.09685535985457286,
0.09685570837997495,
0.0968539101718769,
0.09685640519906479,
0.09685031519005573,
0.09685280987249505,
0.09685315847188224,
0.09685565240505488,
0.09684098634748042,
0.09680918176485562,
0.09681382042740623,
0.09681203040798486,
0.09682095316078917,
0.09682559001537967,
0.09681737225792891,
0.09682415017532991,
0.09683306969901441,
0.09683984647206521,
0.09681877992414609,
0.09682769601609925,
0.0968066409488333,
0.09681341394670233,
0.09681590610183353,
0.09680769953259152,
0.09680591309343616,
0.09680412712791224,
0.09681089619671479,
0.09681980359884677,
0.09682657152640474,
0.09682264459341558,
0.09679520439817625,
0.09678914778308811,
0.09678095721553351,
0.09678985643187411,
0.09678807472057023,
0.09678842907734911,
0.09679305437576533,
0.09679127279144928,
0.09678308722167694,
0.09679198050265221,
0.09678379659746188,
0.09678841934665887,
0.09679304148430697,
0.09678059318204363,
0.09677241622497218,
0.09674292574928128,
0.09674754661702994,
0.09674790480490733,
0.09673974080884377,
0.096748620944034,
0.0967489788953354,
0.09675146684866966,
0.09675608440564906,
0.09675005227650418,
0.09673550672813494,
0.09673160911321108,
0.09673622493317346,
0.09674296839766365,
0.09674758296028245,
0.09674368477196996,
0.09673766039561503,
0.09672313154741621,
0.09672774437495191,
0.09672597786545627,
0.09672846357572228,
0.0967266973596018,
0.09672705698810138,
0.09672316632429998,
0.0966852951833024,
0.09669415135977866,
0.09668814560303853,
0.09669699996706879,
0.09668462813182471,
0.096689235901544,
0.09669808732675658,
0.09669844962090872,
0.0967072996785201,
0.09670766091430703,
0.09671650960473051,
0.09672111365855264,
0.09672783914526727,
0.0967175899016264,
0.09671794984264143,
0.09672255178236604,
0.09670170669414331,
0.09670418799390598,
0.09670878861940094,
0.09671338863987551,
0.09672010783207127,
0.09669927587831251,
0.09670175592336594,
0.09670635398753519,
0.09671095144737851,
0.09671554830301504,
0.09670320044672674,
0.09667604277255465,
0.09668487123641498,
0.09669158285270266,
0.09669406112868102,
0.09669865516977251,
0.09670324860766141,
0.09670995765725351,
0.09670608570084563,
0.09670433042013497,
0.09670469086653616,
0.0966944769444414,
0.09670118197622926,
0.09671000120272472,
0.09671670511572986,
0.09669592209240051,
0.09670051038809167,
0.09669664419262837,
0.09669066634618537,
0.09668891534940628,
0.09666815913335008,
0.09667696810195145,
0.09668366511241906,
0.09668825000272976,
0.09669072288761996,
0.09666997740692636,
0.09667034082352043,
0.09667281397658202,
0.09664786796548602,
0.09663980107098843,
0.09663805982356084,
0.0966405338509012,
0.09662825809686808,
0.0966180942312513,
0.09662478067068453,
0.09662093689727692,
0.09662130506313943,
0.09661114802670995,
0.09661572646965917,
0.09662240907952206,
0.0966311960179931,
0.09663156289818454,
0.09662772085325087,
0.09663440075783147,
0.09661793679993905,
0.09662251151045465,
0.09659554559401147,
0.0965938142535438,
0.09658577970175877,
0.0965924540204257,
0.09659492555817772,
0.09659949759126549,
0.09660617000685073,
0.0966107408092033,
0.09661951309680436,
0.09660097611878649,
0.09660554547134333,
0.09661011422795596,
0.0965957862940467,
0.09659825512543323,
0.09659862467545165,
0.09658220836908239,
0.09658677497475104,
0.09657246463352405,
0.09657912735721032,
0.09658159554489301,
0.09656729214373311,
0.09656766464466703,
0.0965575602399835,
0.09656421883984075,
0.0965729721520086,
0.09657334389135364,
0.09656952593733392,
0.09656361487329075,
0.09657236421205583,
0.09657692432801675,
0.0965814838506825,
0.09658813708164836,
0.09659269538067929,
0.09659515886006656,
0.09658715278154092,
0.09656868587278027,
0.09656487309204753,
0.09656942924921737,
0.09656352550009206,
0.09655971498803426,
0.09656426970428682,
0.09657091503621815,
0.09657546853177137,
0.09658002143576308,
0.09658248265260834,
0.09658912546952296,
0.09659785891343646,
0.09660450063320597,
0.09660277708633211,
0.09661150853345743,
0.0966097843377014,
0.09661433255066598,
0.09661260832404713,
0.0965941660627954,
0.09660289203015325,
0.09660743832934993,
0.09660571589225662,
0.09660608288553234,
0.09660227235873431,
0.09660890527203347,
0.09657378094239932,
0.09657832470801776,
0.09657869435111865,
0.09658741047218831,
0.0965856925287046,
0.09658397503050986,
0.09656348855036007,
0.09657011454543492,
0.09656839991796112,
0.09657710948716011,
0.09658164862326897,
0.0965820175485932,
0.09658030193484336,
0.09658900842766345,
0.09658937646335279,
0.09659808163309344,
0.09659844864229229,
0.09660298385095847,
0.0966054343253476,
0.09660580044652005,
0.09661033400558654,
0.09660653245198789,
0.0966006490356107,
0.09660309828483954,
0.09660762986837992,
0.09660591297599673,
0.09660627876149112,
0.09661497343492365,
0.09661533819678668,
0.0966177849131011,
0.09661606748472867,
0.09661643201085844,
0.0966084718198365,
0.09661091786295056,
0.0966175251181874,
0.09662621280811517,
0.09663281897767775,
0.09661653730636323,
0.09662106158300951,
0.09660894738541341,
0.09661347078889881,
0.09660967710698184,
0.09661004185000699,
0.09661456372301172,
0.09662324250476016,
0.09660490176046115,
0.09660942221457529,
0.09661186438855496,
0.0965748492697239,
0.0965793687468432,
0.09658388764117389,
0.09657595324301385,
0.0965804711923767,
0.09658498855933569,
0.09658743031461808,
0.09659194655381674,
0.09659231256645151,
0.09658438114054396,
0.0965930443559211,
0.0965975584878515,
0.09659584974933173,
0.09658792087496915,
0.09658828706038915,
0.09659072617425177,
0.09658901919548493,
0.09656866425682996,
0.09656903227190339,
0.09657768578200578,
0.0965780527822758,
0.0965867049853624,
0.09659328522255702,
0.0965977933371219,
0.09658987360770147,
0.09659852277478212,
0.09660510038912175,
0.09659511076339396,
0.09659340541583172,
0.09659998071215027,
0.09660448520824182,
0.09660691901389588,
0.09658245065384327,
0.09658695396082546,
0.096591456689119,
0.09657734431038359,
0.09657564307046747,
0.09657807700129513,
0.09655157655970811,
0.09654574824292086,
0.0965543800344455,
0.09655887984425642,
0.09656544480217347,
0.09657407506444332,
0.09658063895098239,
0.09658513630578698,
0.09657517402136373,
0.09657967047653669,
0.09656558314538283,
0.09657214318543775,
0.0965807672164089,
0.0965873261866336,
0.09657943385943728,
0.09656948109528744,
0.0965739741685985,
0.09656196263978041,
0.09656439228082916,
0.09652765176179243,
0.0965197810055389,
0.09652839290097436,
0.09652258346759995,
0.09651265748514493,
0.09650067725386888,
0.09650928404594562,
0.09649524987471611,
0.09648327985587737,
0.09649188261504514,
0.09648608609462095,
0.09647206742602636,
0.09646216616420407,
0.09645637841234676,
0.09646497459766319,
0.09647151544843599,
0.09647394596436673,
0.09647432143199412,
0.09648291503838659,
0.0964832895031036,
0.09647955544673557,
0.09648609233455041,
0.0964885203674334,
0.09648067938744453,
0.09648721414053271,
0.09648964130284425,
0.09649617484013066,
0.09649244124812494,
0.09649281436488773,
0.09650139880224234,
0.09648740335839545,
0.09648162128252294,
0.09648404690772616,
0.09648852364904373,
0.09648274322643735,
0.09647286368611781,
0.09647323847878524,
0.09648181402811573,
0.09648628834323236,
0.0964928124435567,
0.09647268749137025,
0.09648125922700286,
0.09647548556318958,
0.09645332852092865,
0.09645780037576826,
0.09645612880629173,
0.09645650489764297,
0.09644255355267206,
0.09644497724403518,
0.09644330826429624,
0.09643550285817311,
0.09642974540596139,
0.09643830387343731,
0.09643663659206328,
0.09644110381969108,
0.09644761531203952,
0.09644594723508898,
0.0964504128289648,
0.09645896704857394,
0.09644094554932771,
0.09643314935856012,
0.09644169959427536,
0.09642981963758063,
0.096434282567486,
0.09643874493026802,
0.09644320672603479,
0.09645175294628393,
0.09645621353775133,
0.09645046208568434,
0.09644675423648083,
0.09645121344580507,
0.09643117877963878,
0.09642543558061548,
0.09643397404026192,
0.09643435123385621,
0.09644288842114171,
0.09644938496197658,
0.09644772047081716,
0.09645625575025644,
0.09645459063369037,
0.09645496548005456,
0.09645126166791759,
0.09645571493504435,
0.0964560895437202,
0.0964585028693419,
0.09644053291635411,
0.09644906023179893,
0.09642295140832427,
0.09642740223670176,
0.09642167059096812,
0.09641797662658488,
0.09642446187465031,
0.0964146622056635,
0.09640079771238037,
0.09640524599850174,
0.09641172808896298,
0.0964141408813259,
0.09642062177586952,
0.09641286348630433,
0.09641527541948344,
0.09642175421574935,
0.09641806467939729,
0.09642454212840439,
0.09642898562948748,
0.09643749538740524,
0.09642364002403213,
0.09641791988533971,
0.09641423348050114,
0.09642070658644779,
0.09640483288213793,
0.09639911952732519,
0.09640762077281967,
0.09640799907330377,
0.09638604949838409,
0.0963904883209297,
0.09639695588560361,
0.0964013935521898,
0.09639974321465782,
0.09640417986467004,
0.09637819130471371,
0.09638059976228293,
0.09637895312516433,
0.09638541546162988,
0.0963939046577417,
0.0964003659575363,
0.0964027717899917,
0.09640720451701768,
0.09641366403465425,
0.09640390619251347,
0.09640225765426778,
0.09640263575504714,
0.09638883343664961,
0.09638718759520533,
0.09639566765765671,
0.09639402119681102,
0.09639439992438008,
0.09639882796500698,
0.09639718159002846,
0.0964056577026871,
0.09641008410420102,
0.09640236413072005,
0.09640881368030989,
0.09641323858209033,
0.09641766292653742,
0.09642208671375645,
0.09642448602642543,
0.0964106976109788,
0.0964151200730195,
0.09641549613435858,
0.09641384952642675,
0.09639400643815076,
0.09639034209450321,
0.09639072049311795,
0.09639311956897727,
0.09639147705239327,
0.09639589599555644,
0.09639627366942963,
0.09639463123814712,
0.09640308875454459,
0.09639538659766816,
0.09639980307331329,
0.09640623854364153,
0.09640863435938793,
0.09641506865096404,
0.09640131089867758,
0.09639159609325113,
0.09639802786530027,
0.09640042286396132,
0.0964007995897393,
0.0963991586525884,
0.09640155280477979,
0.09639991211642482,
0.09639423831291777,
0.09639864857797349,
0.09639499252225023,
0.09640141809853484,
0.0964038105595583,
0.09641023496073531,
0.0964025467585284,
0.09636262943960879,
0.09636703689385312,
0.09637144379551367,
0.09637786391132191,
0.09638226967395505,
0.09638466118603169,
0.09638906587839602,
0.09638944301126928,
0.09637371701836635,
0.09637409561195619,
0.09637849857499295,
0.09638692570283221,
0.09638730284652561,
0.0963957287350083,
0.09639610491269451,
0.0964005051190265,
0.09637272186694765,
0.0963710897161752,
0.09637749940024824,
0.09637988756896569,
0.09638026509265729,
0.09637059357112322,
0.09637499087752953,
0.0963793876338313,
0.09638378384013177,
0.09637612431863425,
0.0963765019748429,
0.09638491439052095,
0.09638328244990674,
0.09637763447133466,
0.09638604423423518,
0.0963844126623681,
0.09638278149833876,
0.09638918108251664,
0.09637349937007382,
0.09637387692211591,
0.09637826752308477,
0.09636861332861499,
0.09636096860463907,
0.0963312772397724,
0.09632965501461274,
0.09633204030907787,
0.09633242172470806,
0.0963307998627559,
0.09633919381166758,
0.09633156269815694,
0.09632994148278264,
0.0963303229024849,
0.09633871319746838,
0.09633909365810066,
0.09632346066341849,
0.09632984635841393,
0.0963342301260011,
0.09633260975685753,
0.09633499153589714,
0.0963413747624438,
0.0963217507760348,
0.09632613231737068,
0.0963345132927095,
0.09633889367532723,
0.09633327452181042,
0.09631966132998537,
0.09630605491644277,
0.09629844740144577,
0.09629683400566208,
0.0962952210113746,
0.09629760189111569,
0.09630197912022974,
0.09630835259845948,
0.09631073194497715,
0.09631111433576219,
0.09631349300942096,
0.09631786761734011,
0.09632423805921428,
0.09631463887190858,
0.09631502066779243,
0.09629944175737677,
0.096305809004008,
0.09629223139126743,
0.09629660306252394,
0.09630496226278355,
0.09630335089698865,
0.09627184586571196,
0.09626426376718636,
0.09626863355643601,
0.09627499456920896,
0.096259449620981,
0.09626381808216912,
0.09624629126133298,
0.09625065900327692,
0.09625900619191846,
0.09625939286194173,
0.0962617691743233,
0.09626613478292323,
0.09627049985015862,
0.09627088521270111,
0.09627325983861469,
0.09627364484436501,
0.09628198638415686,
0.09627043719854164,
0.09627877673693234,
0.09628512708232208,
0.09627556868049604,
0.09628191758474358,
0.0962862777083742,
0.09626082379532061,
0.09625723631935773,
0.09626358204950934,
0.09625403637639145,
0.0962425092570627,
0.09624686723254158,
0.0962432842131315,
0.09624764124191836,
0.09624802812690099,
0.09625039949689165,
0.09625673962124102,
0.0962650639670938,
0.09627140309462204,
0.09626781830737675,
0.09626026649079236,
0.0962368526778816,
0.09623922291694564,
0.09622771696034108,
0.09622414201427144,
0.09622453076899318,
0.09621105289703658,
0.09621540393383904,
0.09622371576488024,
0.09622410439543476,
0.09623241502094246,
0.09623676384329626,
0.09623715105929806,
0.09622169874399515,
0.09621417037776019,
0.09621455970218323,
0.09620703482454065,
0.0961935795565515,
0.09618606180820341,
0.09619436194156399,
0.09618091588151284,
0.09615167356496554,
0.09615996877856402,
0.09616628839616731,
0.09617063227184505,
0.09617892607387478,
0.09618326881411277,
0.09618366068770086,
0.09616825595598576,
0.09617259748124275,
0.0961710163073039,
0.09616943552276482,
0.09617377563898664,
0.09618008885423186,
0.09615483235725494,
0.0961631162757305,
0.09616350975787347,
0.09616193103165407,
0.09614852327595928,
0.09615680324759865,
0.09616311133435158,
0.09616547595863101,
0.09616586895696468,
0.09617020404398577,
0.09617848102563051,
0.09618478628449627,
0.09617138115094204,
0.09617965556454836,
0.09618595883744993,
0.09616073897326137,
0.09616901004598007,
0.09615758705066907,
0.09615404301493545,
0.09614065970054549,
0.0961331846227834,
0.09610211616941629,
0.09610644630127739,
0.09610684446807857,
0.09611510497090675,
0.09610174516679787,
0.0960962495783459,
0.09609468423258144,
0.09610294042496653,
0.09610923175978824,
0.09611748714856565,
0.09611788389417428,
0.09612613809382696,
0.09612653390687742,
0.09612889383831057,
0.09613518179867801,
0.09611005014348595,
0.09611241026478907,
0.0961186958164422,
0.09611712935074482,
0.09610967629975194,
0.09611399757061051,
0.09611831831218805,
0.09611479073754682,
0.09610341907375854,
0.09611166093601739,
0.09611597988104105,
0.09610265093175305,
0.09610696910665294,
0.09610736612378515,
0.09609404471814113,
0.09608464745517376,
0.09607329576144227,
0.09607761212281793,
0.0960740959620146,
0.09604905325986209,
0.0960318510900445,
0.09603616629163145,
0.09603852536626586,
0.09604283954513525,
0.09602955695107429,
0.09603387036038145,
0.09603231944967386,
0.09601513779667742,
0.09602335730780577,
0.0960159484117701,
0.09602221295552324,
0.09603043031640614,
0.09603669388875893,
0.09602733179456414,
0.09601602130752575,
0.09601837827947589,
0.09601878296929472,
0.09602699488763988,
0.09601959210218786,
0.09602585076871488,
0.09602820593584573,
0.09602860945453068,
0.0960251109779263,
0.09602551471260398,
0.09602981951878446,
0.09603217321539195,
0.09603647700384878,
0.09604078026787437,
0.0960392320110467,
0.09603378440110855,
0.09603223743643358,
0.0960287416398567,
0.09602914463736643,
0.09602175302604478,
0.09602995038706208,
0.09603035313929778,
0.09601712019635486,
0.09600389369404082,
0.09600819248278869,
0.09600665051348858,
0.09601484169868513,
0.09600356770015102,
0.09600786467887584,
0.0959985408708164,
0.0959872759874786,
0.09599546159067195,
0.09600170183453711,
0.0960001620597798,
0.09600834590959273,
0.09601263963863597,
0.09598776993712857,
0.09599206309033297,
0.09598080991083086,
0.09598510227008208,
0.09599327996437572,
0.09597620324372452,
0.09597466843367156,
0.09596730961797162,
0.09597548270944381,
0.09598171391583142,
0.09597823778656446,
0.09598252656912017,
0.09598875597844221,
0.09599692615698845,
0.0959973308798997,
0.09600549989384397,
0.09600008086771053,
0.09600824833971838,
0.09600865179555079,
0.09601099578562261,
0.09601527998140531,
0.09601568262886129,
0.09600832483001788,
0.09600678835877284,
0.09601107081889716,
0.09600759496227768,
0.09601381580940646,
0.0960180968057926,
0.09601074302561566,
0.09600920719210927,
0.09599410571362246,
0.09600032296155749,
0.0960046019235233,
0.09600113013733187,
0.09600540818694568,
0.09600581119664242,
0.0960042771685951,
0.0960124277485802,
0.09601864087071427,
0.09602679066764845,
0.09602719139880382,
0.0960140360783681,
0.09601637410391103,
0.09601677571553871,
0.09599588805014966,
0.09599629155623633,
0.09599862959865378,
0.09599903275533747,
0.0960033045528275,
0.09601144480601255,
0.09600410971322663,
0.09600257833194009,
0.09598558152179386,
0.09596666230485068,
0.09597479592144863,
0.09596747411112341,
0.0959736744120518,
0.09597794258228765,
0.09597448461128272,
0.095978751873799,
0.0959849498495991,
0.0959872848534841,
0.09597610403194175,
0.09597843904303141,
0.095959545184932,
0.09595223496537236,
0.09595264178819463,
0.09593762245913005,
0.09594381424136164,
0.09595193360729033,
0.09594077407559944,
0.0959431091111803,
0.09594929843415727,
0.09595163250343976,
0.09595589342920553,
0.09596208111989235,
0.09594707199293222,
0.09595325817429802,
0.09595173805245777,
0.09594251477775659,
0.09593522039714633,
0.09593947846328273,
0.09593796085434243,
0.09593836832549228,
0.09593107805871202,
0.09593918302259576,
0.09594536319236208,
0.09594961842778207,
0.09595772204450417,
0.095956203062176,
0.09593929491484648,
0.09594354846793028,
0.0959343401445078,
0.09593859288727666,
0.09593323247402538,
0.09593556207860385,
0.09593981346984162,
0.09594406435003856,
0.09595023689561567,
0.09595448672362504,
0.09594528284881683,
0.09594376746002344,
0.09594801605975349,
0.09595418548072206,
0.09594498553568033,
0.09594923278649144,
0.09594387678512455,
0.09594812316744888,
0.09592741169055932,
0.09592781906752958,
0.09592055126063867,
0.09592863357702193,
0.09592712218633441,
0.09592177486277607,
0.09590875923352958,
0.09591300262871193,
0.09591532826289015,
0.09591381946456945,
0.09589123203100806,
0.09589547393341258,
0.09588630666440293,
0.09587522840510829,
0.09588329855321358,
0.09587796623705937,
0.09587454957427907,
0.0958787890886225,
0.09588494206182069,
0.09588152524274751,
0.09588576332411962,
0.09587278150782645,
0.09585406963407701,
0.09586021880703294,
0.09586254350362489,
0.09586104436090975,
0.09586528011804939,
0.09585995833042577,
0.0958508167801222,
0.09585123028013913,
0.09584782327092281,
0.09585396717848567,
0.09586202086426272,
0.09585670309526893,
0.09585520614397705,
0.09586325739842419,
0.09586366941226855,
0.09586599077790282,
0.09587022117768904,
0.09585154360010752,
0.09585004827840213,
0.0958504613363326,
0.09584705870644786,
0.09584747196322133,
0.09584979253937771,
0.09585020545014973,
0.09585443258354308,
0.09586247376117948,
0.09586860718442546,
0.09586520385529705,
0.09586561508548241,
0.09587365364150811,
0.09587406398233872,
0.09585350578083526,
0.0958462960570128,
0.09585242463697534,
0.09585474205185796,
0.09583801130662004,
0.09582890462803842,
0.09583503024644145,
0.09582592633052943,
0.09583014727057866,
0.09583627101476619,
0.09581765657728848,
0.09581997399271398,
0.09582419327622659,
0.09581319651877065,
0.09580600672705805,
0.09580452187025665,
0.09581254154224661,
0.0958129569193838,
0.09581147158882398,
0.09581568794692004,
0.09580850198816028,
0.09581271751955817,
0.09577135382084494,
0.09577556905453212,
0.0957721917821792,
0.09577830398985446,
0.09578251780813775,
0.09578673112548666,
0.09578335330883446,
0.09577049147859498,
0.09577470367473041,
0.09577322547747998,
0.09577364393271887,
0.09577216618326882,
0.09577637661219278,
0.09576352534858636,
0.09576204941472151,
0.09575488964295961,
0.09575720404791817,
0.09575004697993215,
0.09575614918258152,
0.09576414506542186,
0.09577024634828961,
0.09577824147786272,
0.09576729516219931,
0.09576960721312124,
0.09577002540554969,
0.09577801722007492,
0.09577654117205184,
0.09577695857999861,
0.09577359012618951,
0.09577779314842445,
0.09578388846621282,
0.095791876216542,
0.09579039922545717,
0.09575676182764375,
0.0957609629417515,
0.095765163558092,
0.09577314599974329,
0.09577734556260922,
0.09578154462796047,
0.09576305478519191,
0.09576347290616087,
0.09576578087842039,
0.09576997839107226,
0.0957685060034136,
0.09577459230685753,
0.09577123016068734,
0.09577542586035134,
0.0957701752482766,
0.09576870359231247,
0.0957710093769412,
0.09577142631791696,
0.0957624027836647,
0.09575527018636601,
0.09575568848113365,
0.09575988096528483,
0.09576407295371912,
0.09576260332410517,
0.09577056835758549,
0.09577098499699546,
0.09576762831562048,
0.09577370458283677,
0.09578166704421223,
0.09578774239932242,
0.095774952983921,
0.09577348311066917,
0.09577578484165346,
0.09576865914034587,
0.09577473106109072,
0.09577703201425043,
0.09577179292904445,
0.09576843990122097,
0.09576697195360688,
0.09576738833203821,
0.095760269863593,
0.09575880345746511,
0.09576110362729963,
0.09575398893028834,
0.09576005426501381,
0.09575670601649351,
0.09576277017131736,
0.09576695135974525,
0.09577489705058527,
0.09576401921962052,
0.09575690889978289,
0.09575920704932366,
0.09575962360152053,
0.09574499425530035,
0.09575105315356894,
0.0957589921346439,
0.09574624741073795,
0.09575042456488235,
0.09575648110883159,
0.09576065725026747,
0.09575919364811417,
0.09574457646908759,
0.09575063039020418,
0.09575292605637258,
0.09575334268533142,
0.09574624596643683,
0.0957504192697351,
0.09574708022397208,
0.09574749723003913,
0.09574603672585025,
0.09575396319643925,
0.09575250213208121,
0.09575667277663964,
0.09576272017094184,
0.09576501259421157,
0.09576355066001588,
0.09575833586454893,
0.0957662574342795,
0.09576667221835782,
0.09577083966025647,
0.09577875958816211,
0.09576791608309419,
0.09577583420663448,
0.09578187587530727,
0.09577853722544824,
0.09577144871204926,
0.095771862671196,
0.09577040162097082,
0.09576144292970318,
0.09576185769784032,
0.09576602052897834,
0.0957739312517735,
0.09577996731994168,
0.09577663206707299,
0.09577517142885092,
0.0957812056772275,
0.09578349194550131,
0.09578390431389425,
0.09579181050922711,
0.09579596905895814,
0.09577390437273323,
0.09577806234665051,
0.09578596494657922,
0.09578075979553739,
0.09577930010065573,
0.09578158437319835,
0.09577076759249309,
0.0957730518624166,
0.09575475844018867,
0.09575517298622165,
0.09576306769912801,
0.09575039293977526,
0.09575641613869988,
0.09575309172189632,
0.09575350621211973,
0.09574457704354954,
0.09573938749426812,
0.09574727558317642,
0.09575329502551144,
0.0957443695560996,
0.09574478460593175,
0.09574893455173154,
0.09575121651535394,
0.09575723298651402,
0.09575951403582328,
0.0957655294794419,
0.09575287317106455,
0.09575702045948555,
0.09575370101455066,
0.09575971387083256,
0.09573960231092232,
0.0957456136078015,
0.09574975889647648,
0.09574644238168058,
0.09575058681444976,
0.09575659592703333,
0.09576446985264757,
0.09575369275859047,
0.09570751549712439,
0.09571538394169107,
0.09571952631630161,
0.09570690611228391,
0.09571290990982227,
0.09570960305803854,
0.09570257417654553,
0.09570113087192851,
0.09569410552309472,
0.09569266362726132,
0.09569680297831391,
0.09570280226669647,
0.09568462069166561,
0.09569247811258053,
0.09568731844281009,
0.09569517443724437,
0.0956844385302031,
0.09568114055959677,
0.09567598535680646,
0.09566897408763021,
0.09567310959449357,
0.09564938908999156,
0.09565352405166475,
0.09564652119495086,
0.09565436746257362,
0.09565478904529535,
0.09565706636142288,
0.095663054970851,
0.09567089909111191,
0.09567503079564302,
0.09566246133258342,
0.09565546194045045,
0.0956373399501798,
0.09564147048276263,
0.09564560053497184,
0.095623782903979,
0.09562050159351358,
0.09562463070410802,
0.09558617084103825,
0.0955940014134823,
0.0955888758748197,
0.0955874524530822,
0.09558417930380421,
0.09557905736872152,
0.09558133459755991,
0.0955632719781017,
0.0955692468396669,
0.09557707001441103,
0.09558119517596882,
0.09558162248933845,
0.09558020131307955,
0.09558802200671031,
0.0955718166088293,
0.09557593976241337,
0.0955726725362662,
0.09557125324932597,
0.09555506178087353,
0.09554810729360855,
0.09553930989193522,
0.09554527633192665,
0.09554755168451444,
0.09555167186459007,
0.09555579156730036,
0.09556175598829857,
0.09556587470917043,
0.09556814781206861,
0.09555750726260219,
0.09556162479854081,
0.09554914466003493,
0.09555141773837204,
0.09555553411732927,
0.09555411936065748,
0.0955527049314725,
0.09555682004494295,
0.09555540554875168,
0.09556136273781858,
0.09555257753825092,
0.09551985660457361,
0.09551292551090214,
0.09550967717074017,
0.09551010971862327,
0.09551790238216794,
0.09550545566609205,
0.09551140686241465,
0.09551919724969425,
0.09550675382941647,
0.09549615454956732,
0.0954929116579887,
0.09549334539470519,
0.09549745474840982,
0.09547767698242442,
0.09547627521329703,
0.0954822203199092,
0.09549000182746781,
0.09549043556872061,
0.09549821602023446,
0.0954986489215413,
0.09550642831729059,
0.09551237054915046,
0.09551647548628404,
0.09552057994981203,
0.09551917401293969,
0.0955177684004114,
0.09551452708871952,
0.0955186299289785,
0.09552273229610125,
0.09550664348093423,
0.09551441554823276,
0.09550750669983767,
0.09551160758022534,
0.0955157079879753,
0.09552164267260836,
0.0955092321430286,
0.09551699968314627,
0.09551559604842504,
0.09551419273708159,
0.0955182906343889,
0.09552422180202144,
0.09551181782413849,
0.09549941955848068,
0.09550718102712193,
0.09551127696927254,
0.09551720499218173,
0.0954919879939778,
0.09549608292500504,
0.09549651476073137,
0.09549511547421603,
0.0955028712216353,
0.09550147139173529,
0.09550739501758893,
0.09549867269782553,
0.09548812386819841,
0.09548672651152988,
0.09549447707002098,
0.09549490866245822,
0.09549899903255778,
0.09549211335318962,
0.09546329181784241,
0.09546189851729188,
0.09546964287423546,
0.09547373156328066,
0.0954723373304878,
0.09546180857883708,
0.09545858964669415,
0.09545902407759932,
0.09546311087303788,
0.09546719719939932,
0.09547493567732494,
0.0954753684452138,
0.09546849749949798,
0.09546527970323061,
0.09547118942225877,
0.09545702187855443,
0.09545198253041409,
0.09545059292314455,
0.09545285164199925,
0.09544599100088845,
0.0954518967147811,
0.09545962572719544,
0.09546005941180404,
0.09546231650127505,
0.09546639670700144,
0.0954722999493845,
0.09547637919344519,
0.09548045797007343,
0.09548453627934957,
0.09548132094746188,
0.09547628366059241,
0.095484006452783,
0.09548261479579663,
0.0954866910354174,
0.09548712173987728,
0.09548573009799524,
0.09549344961499194,
0.09548112604577065,
0.09548702196869246,
0.09548016671594388,
0.09548788280512346,
0.09548102871201213,
0.0954814595867619,
0.09548006978673099,
0.09547139956725224,
0.09547547108666851,
0.09547044304460942,
0.095467235842854,
0.09547130620372929,
0.09547537609923876,
0.09547398805384344,
0.09546896282396868,
0.09546757588167507,
0.0954589169578838,
0.0954648029479257,
0.09546705258447506,
0.0954711197006769,
0.09544974350677161,
0.09543564516589437,
0.09543607942382525,
0.09541835890314541,
0.09542242469779252,
0.09541015717858263,
0.095414222281384,
0.09540014638922423,
0.09539877009057988,
0.0953937677592253,
0.09540145777304736,
0.09540189473484165,
0.09540051875991677,
0.09540820689196508,
0.09540864311296467,
0.09541270459489498,
0.09541495293368922,
0.0953863975161177,
0.09539226949479221,
0.09539451823299883,
0.09539857789760484,
0.09540444841040051,
0.09539764044837176,
0.09540532075435883,
0.09540937864796378,
0.09541343607945109,
0.09541749304889968,
0.09541792786723471,
0.09542017324971298,
0.0954260396011423,
0.09543009477548929,
0.095412426377837,
0.09541105178806816,
0.09540424967051306,
0.09539202396412964,
0.09539426913999186,
0.09540013080196771,
0.09540418352936716,
0.09540642740032412,
0.09540686269864584,
0.09541453060296222,
0.09542038983066908,
0.09542263196293384,
0.09541764165332474,
0.09542169131229693,
0.09539682389371312,
0.09540087304818809,
0.09540492174258851,
0.09540896997699277,
0.09539134303211579,
0.09539719648282585,
0.09539402083905098,
0.0953980676237071,
0.0953985030705033,
0.09540074367732351,
0.09540117879679473,
0.09538717640716184,
0.09539122128379976,
0.09538444080907037,
0.095384877223173,
0.0953889209299687,
0.09539657177433841,
0.09536274889668012,
0.09536138487560121,
0.09534020384837007,
0.0953424450510527,
0.09534108402670873,
0.09533612215412798,
0.09533836290330196,
0.09534240367093746,
0.09533744300427645,
0.09533428352982264,
0.0953347238870065,
0.09533156548736871,
0.09533740362929481,
0.09534144201100239,
0.09534547993546134,
0.09534232100908516,
0.09533736428551215,
0.0953414010696196,
0.0953400420631702,
0.09534767478049287,
0.09530856749648874,
0.09530362006729311,
0.09530765533555118,
0.0953063012975754,
0.09531392817768061,
0.09531796210272404,
0.09529685483643077,
0.09529011781768866,
0.0952941508847599,
0.09530177325335015,
0.09529503705028859,
0.09529906885221207,
0.0953048946967058,
0.09531251471017427,
0.09530039626140076,
0.0952936637148154,
0.09529231319337932,
0.09529813600308627,
0.09530575184185022,
0.09530440018439944,
0.09530842827172921,
0.09531245590434889,
0.0953182763129427,
0.09531692359785175,
0.09532453607471714,
0.09532497578316766,
0.09531824464734036,
0.09532047726054703,
0.0953245019414646,
0.0953303186138558,
0.0953343423613135,
0.09532761229803273,
0.09533163529046872,
0.09532849047560872,
0.09533251266245055,
0.09533295122478319,
0.0953369725555044,
0.09533920199922961,
0.09533963983428996,
0.09534724244502268,
0.09532619005136778,
0.0953230486098722,
0.09530559179957007,
0.09530961074556257,
0.09531541847739368,
0.09532301512065551,
0.09528947096846825,
0.09527382549076618,
0.09528141735680588,
0.09528543427086948,
0.0952858763843694,
0.09528453150052978,
0.09528676036265786,
0.09529256241737842,
0.09530015094268865,
0.09530416522138578,
0.09530281868373937,
0.09530147244898915,
0.09530548552470032,
0.09531128459368528,
0.09530457922995474,
0.09530859107817141,
0.0953072447746372,
0.09530947005536455,
0.09531526636752817,
0.09532284806984347,
0.09532685768881312,
0.09531658253809198,
0.09532416208572525,
0.09532995589350764,
0.09532682278255822,
0.09531655167894555,
0.09529914929856906,
0.09530315649594326,
0.09531073076239227,
0.09531473700955394,
0.09532052661620084,
0.0953245319385836,
0.09531070222538189,
0.09531649003339351,
0.09531336220199961,
0.09530845264033964,
0.09530710899587654,
0.09530932991763046,
0.09531511485494713,
0.09532268167497172,
0.0953177726469681,
0.0953146467525913,
0.0952990534567982,
0.09529771192062261,
0.09528924925037131,
0.09529502975050674,
0.09529368911636421,
0.0953012487041309,
0.0953052476255405,
0.095303906096798,
0.09530434457838075,
0.09531190184965593,
0.09530522129594189,
0.09531099763822895,
0.09530787683060007,
0.09528697128887478,
0.09528563298284243,
0.09528251723462411,
0.09528829022117331,
0.09529050732681026,
0.09528383709326942,
0.0952789459451899,
0.09528116287960019,
0.09527449682573716,
0.09528026623661126,
0.09528425880181583,
0.0952669393993048,
0.09526382974758439,
0.0952589459562694,
0.09526116239857658,
0.09526692811431658,
0.09527091852417635,
0.09526248637976475,
0.0952150482590445,
0.0952172658656665,
0.09522302774236177,
0.09521992797789089,
0.09522391670466071,
0.09520310305375464,
0.09521063352835576,
0.09517213168096836,
0.09516550320223831,
0.09515887694123551,
0.09516463295633021,
0.09516861972511594,
0.0951673000622555,
0.09515890785109762,
0.0951628935316358,
0.09515096915604015,
0.09514611791581157,
0.09515010260648324,
0.09515408685317413,
0.09515100312868456,
0.09515675334441175,
0.09516426999879316,
0.09515411960163726,
0.09515810184970347,
0.09515501897718098,
0.09515370268991306,
0.0951594496042755,
0.09515636741471922,
0.09513387185027869,
0.09513432309875089,
0.09514183180482015,
0.095147575642369,
0.09514449688012831,
0.0951449470180871,
0.0951489251249154,
0.09515113875473902,
0.09514629693133266,
0.09515027385707533,
0.0951419067297981,
0.09514764609411917,
0.09514456971864259,
0.09514501949958777,
0.0951366570653231,
0.09513710745408914,
0.09513051046768951,
0.09513272287907265,
0.09513845812000629,
0.09514595465360651,
0.09514640400655416,
0.09514333052565326,
0.09514906378134227,
0.09514070756332071,
0.09513411486042617,
0.09513456503436983,
0.09512797506174438,
0.09513546513241265,
0.095128876228879,
0.09513460524733888,
0.09513681465521227,
0.09512670925749576,
0.09512012497804564,
0.09512233447641584,
0.09512806055956595,
0.09513554481343525,
0.09513599438093213,
0.09513820221604088,
0.0951421680512304,
0.09514613344667953,
0.09514658191124703,
0.09514351436991325,
0.09513869004184256,
0.09514089645426753,
0.09513607358223979,
0.09514355105320023,
0.09514927095934178,
0.0951514759789845,
0.09512381972070184,
0.09512953750449943,
0.09512823115754114,
0.09512165865451157,
0.09512913018204634,
0.09511904871726276,
0.0951177441819708,
0.09511994908735392,
0.09511338171690997,
0.09510681652636528,
0.09511252892744858,
0.09511999483694901,
0.09509940367014756,
0.09510686734439949,
0.09511257753241846,
0.09510952201037626,
0.09510821992278562,
0.09511392848258134,
0.0951161312315162,
0.09511482870118744,
0.0951205357554096,
0.0951174807268976,
0.0951126746295597,
0.09508335557989893,
0.09508730911199684,
0.09509126220741328,
0.09509521486622058,
0.09507991571353644,
0.09506287543580451,
0.09507032536404529,
0.09506378360480837,
0.09506248907935515,
0.09506119483958768,
0.09506164893665928,
0.09506385091340364,
0.09505381879015727,
0.09506126313273831,
0.0950652119964338,
0.09507090797128756,
0.0950643717664789,
0.09506831944278533,
0.09504606707513112,
0.09505001423729437,
0.09505221488468639,
0.09505790725654614,
0.09506534537071903,
0.09507103694655927,
0.09507498186292966,
0.09507194211575014,
0.09507239457568607,
0.09507633833074741,
0.09508028165135088,
0.0950772422275869,
0.09508293023213121,
0.0950903633810315,
0.09509081397589919,
0.09509824616147061,
0.09510218690062129,
0.09510787273678319,
0.09509959537943499,
0.09510004495371602,
0.0950987496904039,
0.09508698882030871,
0.09508569542132436,
0.09508265864683715,
0.09508310947713916,
0.0950713585158162,
0.0950752958213798,
0.09507748989561089,
0.09507794100127381,
0.09507664959269882,
0.0950805853086431,
0.09508800542417607,
0.09509194022739975,
0.09509064758746416,
0.09509109728952359,
0.09509851517344349,
0.09508328830850099,
0.0950907042975797,
0.0950911538215015,
0.0950846386948521,
0.09507290417654435,
0.09506987471057135,
0.09506858591312146,
0.0950620785565935,
0.09506600916717747,
0.09506646053076945,
0.09506865103685477,
0.0950691020844957,
0.0950556434430352,
0.0950595722502126,
0.09506523905748535,
0.09506395194690023,
0.09506614131478146,
0.09507180663857173,
0.09507573333820854,
0.09506228123886203,
0.09506273244816463,
0.09506492082491937,
0.09506537171885136,
0.09507277096105178,
0.09506801012158693,
0.09507540809894859,
0.09507585791141843,
0.09506241610125381,
0.09506286695216268,
0.09507026178106082,
0.09506376840702228,
0.0950694260596489,
0.09507334751293965,
0.09506511997225442,
0.0950638352239024,
0.09506949070567515,
0.095073410652529,
0.09507559513490332,
0.09507430959136567,
0.09507475893777538,
0.09508214666897766,
0.09507565738468976,
0.09506570248310703,
0.09507308755003967,
0.09507353678662935,
0.09504452363808708,
0.09505017271078463,
0.09504196243883326,
0.09504241419212581,
0.09501862663836996,
0.09502427295000591,
0.09502126458240368,
0.09501998743386846,
0.09502044086716623,
0.09502781546193698,
0.09502826813302866,
0.09503564177963093,
0.09504128469598623,
0.09504865770284664,
0.09504910840258878,
0.0950460986775641,
0.09504654951175341,
0.09504873010528615,
0.0950526401994595,
0.09505654986670063,
0.0950569996269777,
0.09506090848715873,
0.09505444027033665,
0.09505834841690694,
0.09505188203090187,
0.09503850455053779